_step,val-core/alfworld/reward/best@94/std,timing_s/step,critic/rewards/min,val-aux/alfworld/reward/worst@4/std,actor/kl_coef,training/num_not_none_traj,training/global_step,val-aux/alfworld/reward/best@16/std,actor/entropy_loss,timing_s/gen,critic/returns/mean,val-aux/alfworld/reward/worst@16/std,actor/kl_loss,exp_mask_ratio,_timestamp,perf/throughput,critic/rewards_sum/max,val-aux/alfworld/reward/worst@32/mean,critic/score/max,perf/max_memory_allocated_gb,val-aux/alfworld/reward/best@3/mean,val-aux/alfworld/reward/worst@32/std,val-aux/alfworld/reward/worst@64/mean,critic/advantages/min,global_seqlen/min,val-aux/alfworld/reward/best@2/std,critic/rewards_sum/mean,val-aux/alfworld/reward/worst@64/std,val-aux/alfworld/reward/worst@3/mean,val-aux/alfworld/reward/worst@3/std,val-aux/alfworld/reward/mean@3,perf/max_memory_reserved_gb,val-aux/alfworld/reward/best@4/std,prompt_length/mean,actor/on_pg_clipfrac_lower,response_length/clip_ratio,val-aux/alfworld/reward/std@2,_runtime,timing_per_token_ms/ref,timing_s/dump_rollout_generations,timing_s/old_log_prob,critic/score/min,actor/grad_norm,global_seqlen/max,perf/cpu_memory_used_gb,val-aux/alfworld/reward/mean@2,val-aux/alfworld/reward/best@32/mean,val-aux/alfworld/reward/best@4/mean,perf/total_num_tokens,val-aux/alfworld/reward/worst@94/std,val-aux/alfworld/reward/best@32/std,actor/ppo_kl,response_length/mean,perf/mfu/actor,perf/time_per_step,val-aux/alfworld/reward/worst@16/mean,val-aux/alfworld/reward/best@3/std,val-aux/alfworld/reward/best@64/mean,prompt_length/clip_ratio,actor/lr,critic/rewards_last/min,critic/rewards_last/mean,global_seqlen/minmax_diff,training/epoch,val-aux/alfworld/reward/worst@94/mean,prompt_length/max,val-aux/alfworld/reward/best@8/mean,val-core/alfworld/reward/mean@94,val-aux/alfworld/reward/best@8/std,val-aux/alfworld/reward/best@16/mean,val-aux/alfworld/reward/std@94,global_seqlen/balanced_min,timing_s/adv,timing_s/testing,val-aux/alfworld/reward/mean@1,timing_s/reward,timing_per_token_ms/gen,critic/advantages/mean,prompt_length/min,val-aux/alfworld/reward/std@3,val-aux/alfworld/reward/worst@2/mean,critic/rewards/mean,training/num_term_traj,actor/on_pg_clipfrac,global_seqlen/mean,val-aux/alfworld/reward/worst@4/mean,timing_s/ref,val-aux/alfworld/reward/best@64/std,timing_per_token_ms/adv,response_length/max,critic/rewards/max,critic/rewards_sum/min,critic/advantages/max,critic/rewards_last/max,critic/score/mean,val-aux/alfworld/reward/worst@8/std,val-aux/alfworld/reward/best@2/mean,val-aux/alfworld/reward/worst@8/mean,response_length/min,global_seqlen/balanced_max,timing_per_token_ms/update_actor,actor/pg_loss,critic/returns/max,val-aux/alfworld/reward/worst@2/std,val-core/alfworld/reward/best@94/mean,timing_s/update_actor,critic/returns/min
1,,382.44111803919077,0,,0.001,64,1,,0.10374356061220169,348.1912965886295,-0.03280450031161308,,0.002040051156654954,0,1767242040.4666522,287.2723272102284,1,,1,62.19846820831299,,,,-1.6201815605163574,79228,,0.453125,,,,,82.873046875,,434.0,0,0.015625,,620.712179519,0.014240103654024613,0.19880818203091621,10.007474329322577,0,4.502662181854248,143398,248.27017974853516,,,,439459,,,0,6432.546875,0.2345723701191678,382.44111803919077,,,,0.125,1e-06,0,0.453125,64170,0,,737,,,,,,109863,0.010555148124694824,,,0.00271499902009964,0.8457752605490862,-0.03280450031161308,296,,,0.453125,29,0,109864.75,,6.257941711694002,,2.401850485413844e-05,15245,1,0,2.4748666286468506,1,0.453125,,,,1379,109869,0.04039254588317952,-0.2117464691400528,2.4748666286468506,,,17.750867821276188,-1.6201815605163574
2,,232.83893240988255,0,,0.001,64,2,,0.14494165778160095,218.3461420238018,-0.022436870262026787,,0.004271904472261667,0,1767242273.315917,317.6348097568453,1,,1,62.19846820831299,,,,-1.20761239528656,61116,,0.4375,,,,,82.873046875,,322.75,0,0.015625,,799.649183952,0.007692727236702433,0.1243431456387043,2.4199954718351364,0,2.4121146202087402,85836,249.20911026000977,,,,295831,,,0,4299.609375,0.2075230150755523,232.83893240988255,,,,0.125,1e-06,0,0.4375,24720,0,,409,,,,,,73950,0.005758371204137802,,,0.0011265762150287628,0.7934810285229466,-0.022436870262026787,296,,,0.4375,28,0,73957.75,,2.2757471911609173,,1.9465070273696138e-05,8092,1,0,2.4748666286468506,1,0.4375,,,,528,73964,0.03263690922598299,0.006876800209283829,2.4748666286468506,,,9.655009493231773,-1.20761239528656
3,,178.92872676625848,0,,0.001,64,3,,0.1530771255493164,163.30233858153224,-0.0407087579369545,,0.003869352862238884,0,1767242452.2529144,470.11176751894425,1,,1,62.19846820831299,,,,-2.4748666286468506,71200,,0.375,,,,,82.873046875,,322.5,0,0.015625,,1058.943555103,0.00721976762601413,0.13142211735248566,2.6523916125297546,0,6.563695430755615,98124,249.65103149414062,,,,336466,,,0,4934.78125,0.2171427745322639,178.92872676625848,,,,0.125,1e-06,0,0.375,26924,0,,409,,,,,,84109,0.005690902471542358,,,0.0021050460636615753,0.5170642650748585,-0.0407087579369545,296,,,0.375,24,0,84116.5,,2.42920633405447,,1.6913751973579375e-05,8178,1,0,2.4748666286468506,1,0.375,,,,670,84133,0.030886593303055127,-0.1934784110635519,2.4748666286468506,,,10.392288502305746,-2.4748666286468506
4,,259.284275457263,0,,0.001,64,4,,0.13783183693885803,242.09345818683505,-0.037925053387880325,,0.005413070321083069,0,1767242711.5472887,351.607323040408,1,,1,62.19846820831299,,,,-1.6201815605163574,81562,,0.390625,,,,,82.873046875,,367.375,0,0.015625,,1271.936951216,0.00740395192287104,0.15155449137091637,2.9642046615481377,0,4.108371734619141,107625,249.75745010375977,,,,364665,,,0,5330.515625,0.21972034106836713,259.284275457263,,,,0.125,1e-06,0,0.390625,26063,0,,574,,,,,,91160,0.006725717335939407,,,0.002223048359155655,0.7096330918585944,-0.037925053387880325,296,,,0.390625,25,0,91166.25,,2.6999621279537678,,1.8443550480411904e-05,10594,1,0,2.4748666286468506,1,0.390625,,,,596,91171,0.031132131266171904,0.11687783524394035,2.4748666286468506,,,11.352798648178577,-1.6201815605163574
5,,212.98408398777246,0,,0.001,64,5,,0.17707449197769165,200.01074622943997,-0.07157374918460846,,0.006899972911924124,0,1767242924.5406792,286.5237573503543,1,,1,62.19846820831299,,,,-1.6201815605163574,39124,,0.53125,,,,,82.873046875,,324.25,0,0.015625,,1569.983807208,0.008394475240338196,0.12198563292622566,2.263301193714142,0,5.663419723510742,95250,249.66397857666016,,,,244100,,,0,3489.8125,0.19040563021022083,212.98408398777246,,,,0.125,1e-06,0,0.53125,56126,0,,420,,,,,,61024,0.006758574396371841,,,0.001093849539756775,0.89551169578165,-0.07157374918460846,296,,,0.53125,34,0,61025.0,,2.0490914061665535,,2.7687727965472517e-05,8070,1,0,1.6201815605163574,1,0.53125,,,,392,61028,0.0348871222032186,0.02662685140967369,1.6201815605163574,,,8.51594652980566,-1.6201815605163574
6,,298.0330330841243,0,,0.001,64,6,,0.11855284869670868,280.0457878150046,-0.018502408638596535,,0.005157222039997578,0,1767243222.5875113,340.9773035840477,1,,1,65.02839660644531,,,,-2.4748666286468506,52184,,0.34375,,,,,96.361328125,,395.625,0,0.015625,,1875.392793587,0.006859112034137494,0.17298414558172226,3.0539282001554966,0,1.8563380241394043,157666,250.72728729248047,,,,406490,,,0,5955.78125,0.24805312792587117,298.0330330841243,,,,0.125,1e-06,0,0.34375,105482,0,,737,,,,,,101612,0.009722720831632614,,,0.0024357661604881287,0.7347004953564147,-0.018502408638596535,296,,,0.34375,22,0,101622.5,,2.78816045075655,,2.3918720833557073e-05,13269,1,0,2.4748666286468506,1,0.34375,,,,963,101633,0.02937518268608807,0.1597246378660202,2.4748666286468506,,,11.94071801006794,-2.4748666286468506
7,,305.40009132400155,0,,0.001,64,7,,0.1344263255596161,286.77377626672387,-0.029316360130906105,,0.008620803244411945,0,1767243527.9965487,349.08879541524004,1,,1,65.02839660644531,,,,-1.6201815605163574,90582,,0.296875,,,,,96.66796875,,359.875,0,0.015625,,2149.429656647,0.006750423559990235,0.16524039581418037,3.229071516543627,0,4.966005325317383,120922,250.9178237915039,,,,426447,,,0,6303.359375,0.2441160279813797,305.40009132400155,,,,0.125,1e-06,0,0.296875,30340,0,,494,,,,,,106606,0.007833953946828842,,,0.0015624836087226868,0.7108654270830879,-0.029316360130906105,296,,,0.296875,19,0,106611.75,,2.8786978758871555,,1.8370287390528817e-05,11532,1,0,2.4748666286468506,1,0.296875,,,,1287,106619,0.028910528448103705,0.013037405908107758,2.4748666286468506,,,12.32880812510848,-1.6201815605163574
8,,274.02773435786366,0,,0.001,64,8,,0.13995499908924103,257.64379964768887,-0.017909789457917213,,0.07904871553182602,0,1767243802.033365,310.3673071607081,1,,1,65.02839660644531,,,,-2.4748666286468506,66813,,0.4375,,,,,96.66796875,,352.25,0,0.015625,,2475.682245164,0.0075783272715158456,0.15128501504659653,2.8471001610159874,0,1.8656110763549805,108924,251.21332168579102,,,,340197,,,0,4963.328125,0.22093800188286222,274.02773435786366,,,,0.125,1e-06,0,0.4375,42111,0,,467,,,,,,85042,0.006439175456762314,,,0.001851554960012436,0.811085680436479,-0.017909789457917213,296,,,0.4375,28,0,85049.25,,2.578124202787876,,1.8927784362479135e-05,9913,1,0,2.4748666286468506,1,0.4375,,,,563,85055,0.03169427567910109,0.31154117174446583,2.4748666286468506,,,10.782297503203154,-2.4748666286468506
9,,326.2389452531934,0,,0.001,64,9,,0.12547124922275543,305.0899423956871,-0.0305374413728714,,0.031445253640413284,0,1767244128.2859466,323.4646002122797,1,,1,65.02839660644531,,,,-2.4748666286468506,78861,,0.4375,,,,,96.66796875,,403.75,0,0.015625,,2742.775082731,0.00784896589869293,0.17758939415216446,3.7015130817890167,0,1.6922450065612793,157446,251.9509620666504,,,,422107,,,0,6191.671875,0.21807873990550058,326.2389452531934,,,,0.125,1e-06,0,0.4375,78585,0,,733,,,,,,105518,0.007645461708307266,,,0.001976892352104187,0.7699100414510598,-0.0305374413728714,296,,,0.4375,28,0,105526.75,,3.313103448599577,,1.811261530443055e-05,12957,1,0,1.6201815605163574,1,0.4375,,,,593,105542,0.033000808810998074,-0.16223307885229588,1.6201815605163574,,,13.929872404783964,-2.4748666286468506
10,,267.0801442079246,0,,0.001,64,10,,0.15976589918136597,249.4488940089941,-0.023684637621045113,,0.2635052800178528,0,1767244395.3788145,350.0952879792014,1,,1,65.04615640640259,,,,-2.4748666286468506,30835,,0.328125,,,,,96.66796875,,374.875,0,0.015625,,2936.524087404,0.007429670329148933,0.1645263396203518,2.9714848399162292,0,1.5717562437057495,131628,251.84249877929688,,,,374014,,,0,5469.09375,0.22826687521138578,267.0801442079246,,,,0.125,1e-06,0,0.328125,100793,0,,735,,,,,,93497,0.036114826798439026,,,0.0024262703955173492,0.7126663295706959,-0.023684637621045113,296,,,0.328125,21,0,93503.5,,2.778800718486309,,9.656009346826329e-05,13144,1,0,1.6201815605163574,1,0.328125,,,,541,93509,0.031176826926391146,-0.08960459940135479,1.6201815605163574,,,11.660569746047258,-2.4748666286468506
11,,193.73971865326166,0,,0.001,64,11,,0.17070239782333374,179.35859341919422,-0.04195250943303108,,0.04640762135386467,0,1767244589.1278026,381.28991057434035,1,,1,65.04615640640259,,,,-2.4748666286468506,42293,,0.53125,,,,,97.859375,,341.875,0,0.015625,,3242.61749731,0.007736072375107873,0.1293582245707512,2.4478579498827457,0,1.8899132013320923,133742,252.46734619140625,,,,295484,,,0,4275.0625,0.21458675959949988,193.73971865326166,,,,0.125,1e-06,0,0.53125,91449,0,,469,,,,,,73870,0.006665829569101334,,,0.0028210319578647614,0.6555408306135664,-0.04195250943303108,296,,,0.53125,34,0,73871.0,,2.2858856096863747,,2.2559020350006543e-05,9175,1,0,2.4748666286468506,1,0.53125,,,,594,73872,0.032132838564208024,0.3373267501592636,2.4748666286468506,,,9.494739670306444,-2.4748666286468506
12,,306.0803514383733,0,,0.001,64,12,,0.1403629034757614,287.2484049089253,-0.03413965180516243,,0.10709276795387268,0,1767244895.221234,301.4502550274854,1,,1,65.04615640640259,,,,-2.4748666286468506,63124,,0.578125,,,,,97.859375,,362.125,0,0.015625,,3537.727606939,0.007979492917101342,0.16680466756224632,3.1970666274428368,0,1.5716960430145264,132206,252.58843612670898,,,,369072,,,0,5404.625,0.20872520175943698,306.0803514383733,,,,0.125,1e-06,0,0.578125,69082,0,,707,,,,,,92258,0.008703377097845078,,,0.001973949372768402,0.8304473162711489,-0.03413965180516243,296,,,0.578125,37,0,92268.0,,2.945007409900427,,2.3581786474847938e-05,12929,1,0,2.4748666286468506,1,0.578125,,,,555,92273,0.03386165987863822,0.10047448612749577,2.4748666286468506,,,12.497390534728765,-2.4748666286468506
13,,295.09879095107317,0,,0.001,64,13,,0.15379397571086884,274.2713090404868,-0.056501634418964386,,0.11549682170152664,0,1767245190.3313475,278.50249652031357,1,,1,65.31225967407227,,,,-2.4748666286468506,45204,,0.578125,,,,,97.859375,,405.0,0,0.015625,,3837.924809174,0.009955298226200728,0.1748678907752037,3.9358054473996162,0,1.3699899911880493,144993,252.94421005249023,,,,328743,,,0,4731.609375,0.17556187004647625,295.09879095107317,,,,0.125,1e-06,0,0.578125,99789,0,,735,,,,,,81971,0.007860753685235977,,,0.0015180222690105438,0.9057149194099748,-0.056501634418964386,296,,,0.578125,37,0,82185.75,,3.2727346047759056,,2.391154696901828e-05,13742,1,0,2.4748666286468506,1,0.578125,,,,499,82794,0.04080155724233057,-0.005535224452614784,2.4748666286468506,,,13.413226332515478,-2.4748666286468506
14,,300.18634790182114,0,,0.001,64,14,,0.14491021633148193,280.6511974595487,-0.021961377933621407,,0.021018795669078827,0,1767245490.5285158,333.72936744200365,1,,1,65.31225967407227,,,,-1.20761239528656,71044,,0.421875,,,,,99.615234375,,392.625,0,0.015625,,4086.275102227,0.007569366723676535,0.16988500580191612,3.4520634189248085,0,1.2463582754135132,123709,253.36349487304688,,,,400724,,,0,5868.6875,0.21882867765533015,300.18634790182114,,,,0.125,1e-06,0,0.421875,52665,0,,693,,,,,,100173,0.008160106837749481,,,0.0021711811423301697,0.7472156185357371,-0.021961377933621407,296,,,0.421875,27,0,100181.0,,3.0332269109785557,,2.0363409323498173e-05,12589,1,0,1.20761239528656,1,0.421875,,,,699,100191,0.03207390817351293,-0.030190307646989822,1.20761239528656,,,12.852784778922796,-1.20761239528656
15,,248.34117133542895,0,,0.001,64,15,,0.1800767183303833,233.2715841345489,-0.02915375307202339,,0.3980960249900818,0,1767245738.878814,295.1957164645197,1,,1,65.31225967407227,,,,-2.4748666286468506,52503,,0.484375,,,,,99.615234375,,318.375,0,0.015625,,4434.127586749,0.008015713666339963,0.13423103094100952,2.54548442363739,0,1.121240496635437,116973,253.65887451171875,,,,293237,,,0,4263.453125,0.1968439144683461,248.34117133542895,,,,0.125,1e-06,0,0.484375,64470,0,,467,,,,,,73306,0.007244568318128586,,,0.0016447566449642181,0.8549099509807151,-0.02915375307202339,296,,,0.484375,31,0,73309.25,,2.3505038283765316,,2.4705505506223928e-05,9218,1,0,2.4748666286468506,1,0.484375,,,,584,73315,0.03415561777405139,-0.01849450170993805,2.4748666286468506,,,10.015690889209509,-2.4748666286468506
16,,347.8383821994066,0,,0.001,64,16,,0.13789895176887512,325.059970267117,-0.020716307684779167,,0.10629962384700775,0,1767246086.731311,329.0960855906237,1,,1,66.83260822296143,,,,-0.7245674133300781,88442,,0.28125,,,,,101.16796875,,434.5,0,0.015625,,4753.522251958,0.007939856097761263,0.2118312306702137,3.906058270484209,0,1.2680575847625732,125583,254.1061782836914,,,,457889,,,0,6720.015625,0.22410933273281874,347.8383821994066,,,,0.125,1e-06,0,0.28125,37141,0,,709,,,,,,114471,0.008611999452114105,,,0.002267267554998398,0.7558110455172794,-0.020716307684779167,296,,,0.28125,18,0,114472.25,,3.6355727687478065,,1.880805053651454e-05,17110,1,0,2.4748666286468506,1,0.28125,,,,933,114476,0.032736235960093646,-0.04091979190707207,2.4748666286468506,,,14.989562347531319,-0.7245674133300781
17,,319.3844961859286,0,,0.001,64,17,,0.1459190845489502,298.6000434458256,-0.028461480513215065,,0.059956904500722885,0,1767246406.125972,330.18039779429375,1,,1,66.83260822296143,,,,-2.4748666286468506,75750,,0.3125,,,,,101.16796875,,402.75,0,0.015625,,5135.491340834,0.007747842880151743,0.1784619614481926,3.5877227522432804,0,1.5138914585113525,132961,254.20751571655273,,,,421818,,,0,6188.15625,0.21852352893624466,319.3844961859286,,,,0.125,1e-06,0,0.3125,57211,0,,547,,,,,,105434,0.0075129009783267975,,,0.0017729364335536957,0.7539605482393927,-0.028461480513215065,296,,,0.3125,20,0,105454.5,,3.268179588019848,,1.7810764306707625e-05,10861,1,0,2.4748666286468506,1,0.3125,,,,530,105475,0.03253419124494092,-0.08838809840381145,2.4748666286468506,,,13.723507482558489,-2.4748666286468506
18,,381.9549370855093,0,,0.001,64,18,,0.144097700715065,362.4916651174426,-0.03881598636507988,,0.0831344947218895,0,1767246788.0950723,260.7761815046292,1,,1,66.83260822296143,,,,-2.4748666286468506,67013,,0.453125,,,,,101.16796875,,409.0,0,0.015625,,5488.510108029,0.007586237371473971,0.17401553317904472,3.3601761907339096,0,1.2706208229064941,146086,254.48719787597656,,,,398419,,,0,5816.296875,0.2182460493023859,381.9549370855093,,,,0.125,1e-06,0,0.453125,79073,0,,549,,,,,,99597,0.010519176721572876,,,0.002102203667163849,0.9738038461903719,-0.03881598636507988,296,,,0.453125,29,0,99604.75,,3.0225011073052883,,2.6402296882359715e-05,11181,1,0,2.4748666286468506,1,0.453125,,,,769,99613,0.032311824782963045,-0.2890535518527031,2.4748666286468506,,,12.873644918203354,-2.4748666286468506
19,,353.0073196962476,0,,0.001,64,19,,0.12319548428058624,330.5372791849077,-0.027393750846385956,,0.0569630041718483,0,1767247141.1138053,304.58221119187436,1,,1,66.83260822296143,,,,-2.4748666286468506,79068,,0.40625,,,,,101.16796875,,448.75,0,0.015625,,5760.845756266,0.008193109865682023,0.18081862479448318,3.912502694875002,0,1.2477558851242065,158519,254.8537483215332,,,,430079,,,0,6271.234375,0.21008628930530293,353.0073196962476,,,,0.125,1e-06,0,0.40625,79451,0,,735,,,,,,107507,0.008770432323217392,,,0.001685943454504013,0.8235452031346193,-0.027393750846385956,296,,,0.40625,26,0,107519.75,,3.523684497922659,,2.0392607691185554e-05,13611,1,0,1.20761239528656,1,0.40625,,,,464,107538,0.034464936493228494,0.12185265868902206,1.20761239528656,,,14.822645422071218,-2.4748666286468506
20,,272.3254787437618,0,,0.001,64,20,,0.15763922035694122,256.2190193794668,-0.043420907109975815,,0.14766767621040344,0,1767247413.4495234,304.88333439458586,1,,1,66.83260822296143,,,,-1.6201815605163574,60828,,0.515625,,,,,101.16796875,,340.75,0,0.015625,,5958.774903201,0.0075251596164963245,0.14650773257017136,2.7760660722851753,0,1.4553319215774536,97592,255.0085334777832,,,,332110,,,0,4848.46875,0.21097800778122522,272.3254787437618,,,,0.125,1e-06,0,0.515625,36764,0,,418,,,,,,83015,0.008808623999357224,,,0.0022833682596683502,0.825708565782582,-0.043420907109975815,296,,,0.515625,33,0,83027.5,,2.4991807602345943,,2.6523212186797216e-05,10413,1,0,2.4748666286468506,1,0.515625,,,,900,83034,0.03207333387963433,0.12940924800932407,2.4748666286468506,,,10.651874914765358,-1.6201815605163574
21,,197.91899282857776,0,,0.001,64,21,,0.16745184361934662,180.00413106381893,-0.03407102823257446,,0.21883045136928558,0,1767247611.3786168,445.2162409512662,1,,1,66.83260822296143,,,,-2.4748666286468506,64651,,0.34375,,,,,101.16796875,,346.5,0,0.015625,,6205.522412819,0.007938065346254337,0.14446063339710236,2.9898809902369976,0,1.5462039709091187,114591,255.52267456054688,,,,352467,,,0,5160.796875,0.2032662858433207,197.91899282857776,,,,0.125,1e-06,0,0.34375,49940,0,,549,,,,,,88112,0.0069257356226444244,,,0.0022685639560222626,0.5449864848385785,-0.03407102823257446,296,,,0.34375,22,0,88116.75,,2.7979060783982277,,1.9649316454148684e-05,10527,1,0,2.4748666286468506,1,0.34375,,,,824,88126,0.03391301753523895,-0.1701495423913002,2.4748666286468506,,,11.953219551593065,-2.4748666286468506
22,,246.73739184066653,0,,0.001,64,22,,0.16649281978607178,231.01096450537443,-0.04350966587662697,,0.07594988495111465,0,1767247858.126149,305.14426467075447,1,,1,66.83260822296143,,,,-0.935412585735321,46684,,0.484375,,,,,101.16796875,,342.125,0,0.015625,,6458.726687121,0.008264713585501427,0.14270227029919624,2.740083336830139,0,1.3536781072616577,92247,255.82211685180664,,,,301162,,,0,4363.53125,0.19684840351432217,246.73739184066653,,,,0.125,1e-06,0,0.484375,45563,0,,548,,,,,,75287,0.006617695093154907,,,0.0019306652247905731,0.8272076246495257,-0.04350966587662697,296,,,0.484375,31,0,75290.5,,2.4890176728367805,,2.1973871514848842e-05,9790,1,0,2.4748666286468506,1,0.484375,,,,562,75295,0.0342981065686455,0.11170162074267864,2.4748666286468506,,,10.329286370426416,-0.935412585735321
23,,253.19595404714346,0,,0.001,64,23,,0.16705873608589172,237.0101645104587,-0.04697049409151077,,0.2957551181316376,0,1767248111.330447,310.9429623245128,1,,1,66.83260822296143,,,,-2.4748666286468506,61109,,0.53125,,,,,101.16796875,,340.75,0,0.015625,,6806.660132105,0.00801800566290247,0.13378828763961792,2.7797975949943066,0,1.4693151712417603,115885,256.0074577331543,,,,314918,,,0,4579.84375,0.19697434193109467,253.19595404714346,,,,0.125,1e-06,0,0.53125,54776,0,,466,,,,,,78725,0.006311137229204178,,,0.0018041059374809265,0.8086048395157406,-0.04697049409151077,296,,,0.53125,34,0,78729.5,,2.5250143073499203,,2.0040573194305115e-05,8950,1,0,1.6201815605163574,1,0.53125,,,,630,78737,0.03404875648713367,-0.24111085757613182,1.6201815605163574,,,10.722566295415163,-2.4748666286468506
24,,347.9236993007362,0,,0.001,64,24,,0.12584254145622253,327.61040380224586,-0.02468295209109783,,0.12821851670742035,0,1767248459.2638369,302.5634649538726,1,,1,66.83260822296143,,,,-2.4748666286468506,77960,,0.421875,,,,,101.16796875,,436.0,0,0.015625,,7104.456580222,0.007591426581248233,0.15778838843107224,3.4733028411865234,0,1.3068766593933105,123146,256.38371658325195,,,,421076,,,0,6143.3125,0.2202565954378988,347.9236993007362,,,,0.125,1e-06,0,0.421875,45186,0,,545,,,,,,105268,0.006373371928930283,,,0.0014903508126735687,0.8332495798333702,-0.02468295209109783,296,,,0.421875,27,0,105269.0,,3.196567539125681,,1.513591828774445e-05,10938,1,0,2.4748666286468506,1,0.421875,,,,1493,105271,0.031967717362874334,-0.057246796786785126,2.4748666286468506,,,13.460838556289673,-2.4748666286468506
25,,297.7868016473949,0,,0.001,64,25,,0.15101483464241028,279.4470781125128,-0.02647637389600277,,0.14667247235774994,0,1767248757.0602956,329.77620047875985,1,,1,66.83260822296143,,,,-1.20761239528656,75163,,0.25,,,,,101.16796875,,385.875,0,0.015625,,7335.46765289,0.0073419459340234965,0.1684144213795662,3.114698212593794,0,1.436638593673706,129616,256.5786666870117,,,,392812,,,0,5751.8125,0.22457414565536274,297.7868016473949,,,,0.125,1e-06,0,0.25,54453,0,,575,,,,,,98199,0.007895253598690033,,,0.0015919134020805359,0.7591277698130829,-0.02647637389600277,296,,,0.25,16,0,98203.0,,2.8840044662356377,,2.0099318754747903e-05,11884,1,0,2.4748666286468506,1,0.25,,,,611,98206,0.030917101426294422,0.12210279703140259,2.4748666286468506,,,12.144608445465565,-1.20761239528656
26,,230.99894951283932,0,,0.001,64,26,,0.17270316183567047,215.93307742476463,-0.029017852619290352,,0.0800846517086029,0,1767248988.071356,335.6974140511833,1,,1,66.83260822296143,,,,-1.6201815605163574,58752,,0.4375,,,,,101.16796875,,316.25,0,0.015625,,7675.616434347,0.007539586659087437,0.14889050275087357,2.6858713515102863,0,1.4518033266067505,97920,256.9569435119629,,,,310183,,,0,4530.359375,0.21369799808576956,230.99894951283932,,,,0.125,1e-06,0,0.4375,39168,0,,421,,,,,,77538,0.008448373526334763,,,0.001964859664440155,0.7447431992659407,-0.029017852619290352,296,,,0.4375,28,0,77545.75,,2.3386516086757183,,2.7236739364616252e-05,11716,1,0,1.6201815605163574,1,0.4375,,,,520,77556,0.031794072133711396,0.010690409690141678,1.6201815605163574,,,9.861980676651001,-1.6201815605163574
27,,340.1395858414471,0,,0.001,64,27,,0.12725485861301422,320.27223566174507,-0.022051768377423286,,0.107480987906456,0,1767249328.2201326,332.48408802589745,1,,1,66.83260822296143,,,,-1.6201815605163574,80983,,0.28125,,,,,101.16796875,,428.125,0,0.015625,,7973.562452366,0.00692892111353307,0.16563935205340385,3.3884351439774036,0,1.3301693201065063,148635,257.2648468017578,,,,452364,,,0,6640.0625,0.2454477532887332,340.1395858414471,,,,0.125,1e-06,0,0.28125,67652,0,,558,,,,,,113079,0.007497601211071014,,,0.002115696668624878,0.7536455691817309,-0.022051768377423286,296,,,0.28125,18,0,113091.0,,3.134394470602274,,1.6574265881173158e-05,10642,1,0,2.4748666286468506,1,0.28125,,,,1102,113101,0.029073459941188654,-0.02088051475584507,2.4748666286468506,,,13.151786632835865,-1.6201815605163574
28,,297.93606085702777,0,,0.001,64,28,,0.13887682557106018,278.8507535457611,-0.01882055588066578,,0.18110181391239166,0,1767249626.166167,320.6384273364022,1,,1,66.83260822296143,,,,-1.6201815605163574,60247,,0.34375,,,,,101.16796875,,382.625,0,0.015625,,8254.259930567,0.007813100373770015,0.16605815291404724,3.28303924202919,0,1.4243828058242798,119437,257.88646697998047,,,,382119,,,0,5587.984375,0.21359780368527903,297.93606085702777,,,,0.125,1e-06,0,0.34375,59190,0,,560,,,,,,95524,0.007842682301998138,,,0.0014934949576854706,0.7797163935614113,-0.01882055588066578,296,,,0.34375,22,0,95529.75,,2.9855341017246246,,2.0524188281656076e-05,11700,1,0,2.4748666286468506,1,0.34375,,,,536,95538,0.03302703109796856,-0.10805211961269379,2.4748666286468506,,,12.620256096124649,-1.6201815605163574
29,,280.686237372458,0,,0.001,64,29,,0.13399411737918854,262.3313398733735,-0.041260380297899246,,0.2704821228981018,0,1767249906.8636553,309.5155316956936,1,,1,66.83260822296143,,,,-1.6201815605163574,59242,,0.484375,,,,,101.16796875,,388.625,0,0.015625,,8496.818857786,0.008320921419203405,0.17117976769804955,3.1235663257539272,0,1.51774263381958,140213,258.32292556762695,,,,347507,,,0,5041.171875,0.2044249908420993,280.686237372458,,,,0.125,1e-06,0,0.484375,80971,0,,737,,,,,,86874,0.00895950198173523,,,0.0028037279844284058,0.8130901479175338,-0.041260380297899246,296,,,0.484375,31,0,86876.75,,2.8915784396231174,,2.578222016170963e-05,12911,1,0,2.4748666286468506,1,0.484375,,,,597,86882,0.034920603053003436,-0.039375003427267075,2.4748666286468506,,,12.135154005140066,-1.6201815605163574
30,,242.55021265149117,0,,0.001,64,30,,0.16515573859214783,226.52461164817214,-0.031635038554668427,,0.7496118545532227,0,1767250149.4225874,330.249143566387,1,,1,66.83260822296143,,,,-1.6201815605163574,46146,,0.375,,,,,101.16796875,,344.375,0,0.015625,,8855.879482903,0.00782266156831882,0.13959576934576035,2.7880037017166615,0,1.40553879737854,101402,258.1142044067383,,,,320408,,,0,4662.0,0.20529073006843263,242.55021265149117,,,,0.125,1e-06,0,0.375,55256,0,,510,,,,,,80094,0.006826922297477722,,,0.0038942843675613403,0.7592121529392298,-0.031635038554668427,296,,,0.375,24,0,80102.0,,2.5064433477818966,,2.1306965798225146e-05,10298,1,0,2.4748666286468506,1,0.375,,,,567,80109,0.032942796824587166,0.1347649861127138,2.4748666286468506,,,10.555135644972324,-1.6201815605163574
31,,359.051028419286,0,,0.001,64,31,,0.11478760838508606,338.49814070388675,-0.02414686232805252,,0.24219700694084167,0,1767250508.4831822,319.8368502259152,1,,1,66.83260822296143,,,,-2.4748666286468506,92202,,0.359375,,,,,101.16796875,,473.625,0,0.015625,,9162.180119477,0.006984380982618386,0.18011058494448662,3.549069073051214,0,1.2998933792114258,125149,258.9363784790039,,,,459351,,,0,6703.734375,0.2508477879377115,359.051028419286,,,,0.125,1e-06,0,0.359375,32947,0,,709,,,,,,114818,0.007312115281820297,,,0.003351602703332901,0.7889682306361118,-0.02414686232805252,296,,,0.359375,23,0,114837.75,,3.2082823887467384,,1.5918361518360247e-05,13270,1,0,2.4748666286468506,1,0.359375,,,,863,114862,0.029567291694646707,0.04693159833550453,2.4748666286468506,,,13.58176500722766,-2.4748666286468506
32,,306.2877367660403,0,,0.001,64,32,,0.13663366436958313,287.9585626684129,-0.022396059706807137,,0.36797165870666504,0,1767250814.7838044,348.38074526472815,1,,1,66.83260822296143,,,,-0.935412585735321,81850,,0.234375,,,,,101.16796875,,386.125,0,0.015625,,9424.734120596,0.00658776905739371,0.16090047359466553,3.096799537539482,0,1.3400802612304688,136497,258.89599609375,,,,426819,,,0,6282.921875,0.24434627347840396,306.2877367660403,,,,0.125,1e-06,0,0.234375,54647,0,,464,,,,,,106703,0.006249342113733292,,,0.0015692487359046936,0.7161242223299095,-0.022396059706807137,296,,,0.234375,15,0,106704.75,,2.811785001307726,,1.4641668046017848e-05,8760,1,0,2.4748666286468506,1,0.234375,,,,1207,106706,0.028666967693835383,0.028278665617108345,2.4748666286468506,,,12.235606484115124,-0.935412585735321
33,,262.5435327589512,0,,0.001,64,33,,0.18429559469223022,247.83505050092936,-0.06082817539572716,,0.1991761177778244,0,1767251077.3378046,283.8910150128573,1,,1,66.83260822296143,,,,-2.4748666286468506,41133,,0.46875,,,,,101.16796875,,335.0,0,0.015625,,9735.391216284,0.007979817402197486,0.13651026785373688,2.5668274872004986,0,1.1032017469406128,104239,259.1216697692871,,,,298135,,,0,4323.359375,0.20639028900611497,262.5435327589512,,,,0.125,1e-06,0,0.46875,63106,0,,423,,,,,,74505,0.006352607160806656,,,0.0020294897258281708,0.8956976110913799,-0.06082817539572716,296,,,0.46875,30,0,74533.75,,2.3790628612041473,,2.1307820822133114e-05,8603,1,0,1.20761239528656,1,0.46875,,,,518,74554,0.032168458323461345,-0.1379321813583374,1.20761239528656,,,9.590543322265148,-2.4748666286468506
34,,310.6444127857685,0,,0.001,64,34,,0.1296370029449463,291.41332737728953,-0.03147533908486366,,0.18709826469421387,0,1767251387.9949255,335.2643592267799,1,,1,66.83260822296143,,,,-1.6201815605163574,97046,,0.40625,,,,,101.16796875,,408.25,0,0.015625,,10031.809950431,0.007409439868410918,0.15365362539887428,3.285467926412821,0,1.6745169162750244,119464,259.6074333190918,,,,416592,,,0,6101.0,0.2307959255178266,310.6444127857685,,,,0.125,1e-06,0,0.40625,22418,0,,512,,,,,,104141,0.008880913257598877,,,0.002054758369922638,0.7463257236961398,-0.03147533908486366,296,,,0.40625,26,0,104148.0,,3.0867133736610413,,2.1318012005988778e-05,9615,1,0,2.4748666286468506,1,0.40625,,,,1212,104154,0.030430630379533394,0.0629777405411005,2.4748666286468506,,,12.677157171070576,-1.6201815605163574
35,,296.4096472747624,0,,0.001,64,35,,0.13899296522140503,278.09425170719624,-0.024874988943338394,,0.18998582661151886,0,1767251684.4136517,326.2975779946383,1,,1,66.83260822296143,,,,-2.4748666286468506,65511,,0.34375,,,,,101.16796875,,380.5,0,0.015625,,10339.792396338,0.007370294014673228,0.1557673066854477,3.211589727550745,0,1.2128169536590576,127559,260.08251571655273,,,,386871,,,0,5664.359375,0.22337829259598815,296.4096472747624,,,,0.125,1e-06,0,0.34375,62048,0,,546,,,,,,96711,0.006374582648277283,,,0.0021155737340450287,0.7671163489560443,-0.024874988943338394,296,,,0.34375,22,0,96717.75,,2.8513530157506466,,1.64772822162356e-05,10456,1,0,2.4748666286468506,1,0.34375,,,,742,96726,0.031198576879586513,0.00809328630566597,2.4748666286468506,,,12.069824635982513,-2.4748666286468506
36,,307.9722748808563,0,,0.001,64,36,,0.1402921825647354,287.65664218366146,-0.05453282222151756,,0.6255325078964233,0,1767251992.396104,314.181690664956,1,,1,66.83260822296143,,,,-2.4748666286468506,52558,,0.390625,,,,,101.16796875,,417.5,0,0.015625,,10756.818043545,0.008503636705560832,0.1684100739657879,3.4730521589517593,0,1.2530100345611572,177968,260.01935958862305,,,,387037,,,0,5629.953125,0.21198782196221605,307.9722748808563,,,,0.125,1e-06,0,0.390625,125410,0,,737,,,,,,96753,0.008561559021472931,,,0.0017458423972129822,0.7983432427103396,-0.05453282222151756,296,,,0.390625,25,0,96759.25,,3.2912220396101475,,2.2120776622061794e-05,12862,1,0,2.4748666286468506,1,0.390625,,,,530,96763,0.03450073519185848,-0.12731811217963696,2.4748666286468506,,,13.35306104645133,-2.4748666286468506
37,,417.01298823207617,0,,0.001,64,37,,0.1371038258075714,395.68764060363173,-0.05075763911008835,,0.11315357685089111,0,1767252409.4217558,245.09428455288173,1,,1,71.25931453704834,,,,-1.20761239528656,62495,,0.359375,,,,,101.16796875,,400.75,0,0.015625,,11032.690052633,0.008091414414036954,0.19835840165615082,3.755474127829075,0,1.6249662637710571,146412,260.6393852233887,,,,408830,,,0,5987.21875,0.21110155804150063,417.01298823207617,,,,0.125,1e-06,0,0.359375,83917,0,,733,,,,,,102194,0.010467290878295898,,,0.0034524500370025635,1.0326362945118293,-0.05075763911008835,296,,,0.359375,23,0,102207.5,,3.308012954890728,,2.5603040085844724e-05,18202,1,0,2.4748666286468506,1,0.359375,,,,681,102213,0.034302046103661527,0.011125758290290833,2.4748666286468506,,,14.023705508559942,-1.20761239528656
38,,275.8631574995816,0,,0.001,64,38,,0.16246455907821655,257.3801751844585,-0.024035142734646797,,0.23951663076877594,0,1767252685.2937515,330.8814443630025,1,,1,71.25931453704834,,,,-1.6201815605163574,68616,,0.359375,,,,,103.236328125,,359.625,0,0.015625,,11418.454748901,0.008026350173430615,0.17777639999985695,3.099524311721325,0,1.2173771858215332,111040,260.9710807800293,,,,365112,,,0,5345.25,0.20865470492388474,275.8631574995816,,,,0.125,1e-06,0,0.359375,42424,0,,544,,,,,,91271,0.008778918534517288,,,0.00346982479095459,0.7523624221986182,-0.024035142734646797,296,,,0.359375,23,0,91278.0,,2.930516764521599,,2.4044453577305837e-05,10319,1,0,2.4748666286468506,1,0.359375,,,,830,91282,0.03352422928280666,-0.06342845223844051,2.4748666286468506,,,12.240098401904106,-1.6201815605163574
39,,385.7485873028636,0,,0.001,64,39,,0.17891551554203033,368.3806074485183,-0.09050057083368301,,0.15593750774860382,0,1767253071.0584257,212.26843777320593,1,,1,75.59642171859741,,,,-1.6201815605163574,64524,,0.40625,,,,,103.236328125,,340.375,0,0.015625,,11572.813060921,0.008384045336583662,0.20884337276220322,2.950866010040045,0,1.5194813013076782,103254,261.3805809020996,,,,327529,,,0,4777.265625,0.19851937692981328,385.7485873028636,,,,0.125,1e-06,0,0.40625,38730,0,,467,,,,,,79677,0.015420522540807724,,,0.002705514430999756,1.2048622461479934,-0.09050057083368301,296,,,0.40625,26,0,81882.25,,2.74601798504591,,4.708139597045673e-05,21580,1,0,1.6201815605163574,1,0.40625,,,,951,88474,0.03486388403750926,-0.1375025473535061,1.6201815605163574,,,11.41893307492137,-1.6201815605163574
40,,154.3473667241633,0,,0.001,64,40,,0.2000582069158554,138.91642540320754,-0.0476071760058403,,0.13826142251491547,0,1767253225.4167793,456.64044353900897,1,,1,75.59642171859741,,,,-1.6201815605163574,55976,,0.484375,,,,,103.236328125,,337.0,0,0.015625,,12020.411124934,0.008795308212634783,0.13803274929523468,2.6983884759247303,0,1.289099931716919,85950,260.9557685852051,,,,281925,,,0,4068.078125,0.18276518077154472,154.3473667241633,,,,0.125,1e-06,0,0.484375,29974,0,,492,,,,,,70471,0.0065699294209480286,,,0.0020706504583358765,0.5335613231186699,-0.0476071760058403,296,,,0.484375,31,0,70481.25,,2.479617267847061,,2.3303819884536768e-05,9833,1,0,2.4748666286468506,1,0.484375,,,,494,70495,0.035772785759779796,-0.03585060127079487,2.4748666286468506,,,10.085242625325918,-1.6201815605163574
41,,447.5752948783338,0,,0.001,64,41,,0.14030082523822784,426.5708566494286,-0.03876523673534393,,0.4432065486907959,0,1767253673.0148308,226.24908291134983,1,,1,75.59642171859741,,,,-0.935412585735321,84958,,0.34375,,,,,103.236328125,,369.125,0,0.015625,,12540.803620092,0.00814187186714752,0.21824908256530762,3.622004944831133,0,1.2116862535476685,124008,262.11585998535156,,,,405054,,,0,5959.84375,0.20843307290513927,447.5752948783338,,,,0.125,1e-06,0,0.34375,39050,0,,546,,,,,,99574,0.012321274727582932,,,0.002705242484807968,1.1183463719409292,-0.03876523673534393,296,,,0.34375,22,0,101263.5,,3.297897767275572,,3.0418844715971036e-05,21580,1,0,2.4748666286468506,1,0.34375,,,,1262,106297,0.034144914158493286,-0.08699210360646248,2.4748666286468506,,,13.830534059554338,-0.935412585735321
42,,520.3756289668381,0,,0.001,64,42,,0.1345064789056778,496.9601513929665,-0.07068157941102982,,0.017915941774845123,0,1767254193.4073112,213.87723368400208,1,,1,76.04878377914429,,,,-2.4748666286468506,87130,,0.40625,,,,,103.236328125,,446.0,0,0.015625,,12781.867597027,0.008288349462716121,0.2271096669137478,3.897474307566881,0,1.3313111066818237,134666,262.3724060058594,,,,445186,,,0,6510.03125,0.21185807514935742,520.3756289668381,,,,0.125,1e-06,0,0.40625,47536,0,,708,,,,,,110541,0.010557375848293304,,,0.0036404989659786224,1.1927749756216763,-0.07068157941102982,296,,,0.40625,26,0,111296.5,,3.689857143908739,,2.3714527968744086e-05,21580,1,0,2.4748666286468506,1,0.40625,,,,744,113498,0.03495800418122479,0.2976625021547079,2.4748666286468506,,,15.562814049422741,-2.4748666286468506
43,,241.05270624160767,0,,0.001,64,43,,0.18515987694263458,226.3004833124578,-0.06510045379400253,,0.7872356176376343,0,1767254434.4713054,281.7568450441929,1,,1,76.04878377914429,,,,-2.4748666286468506,54696,,0.484375,,,,,103.236328125,,338.875,0,0.015625,,13065.51874685,0.008666736021338602,0.12651176005601883,2.501241285353899,0,1.3023250102996826,76038,262.64966201782227,,,,271673,,,0,3906.015625,0.186235563076867,241.05270624160767,,,,0.125,1e-06,0,0.484375,21342,0,,470,,,,,,67904,0.00651845708489418,,,0.0011849328875541687,0.9052562486247487,-0.06510045379400253,296,,,0.484375,31,0,67918.25,,2.354518175125122,,2.399376119413479e-05,8605,1,0,1.6201815605163574,1,0.484375,,,,536,67933,0.035853528954456704,-0.16451030410826206,1.6201815605163574,,,9.740435771644115,-2.4748666286468506
44,,283.64185029640794,0,,0.001,64,44,,0.14438234269618988,266.53272934630513,-0.03477773442864418,,0.1960340142250061,0,1767254718.1224897,324.82336405477463,1,,1,76.04878377914429,,,,-2.4748666286468506,67651,,0.421875,,,,,103.236328125,,369.0,0,0.015625,,13335.866840617,0.007352932946037381,0.14802466705441475,2.904565069824457,0,1.32880437374115,133513,262.81960678100586,,,,368534,,,0,5389.34375,0.22614978171390435,283.64185029640794,,,,0.125,1e-06,0,0.421875,65862,0,,542,,,,,,92129,0.007104314863681793,,,0.0013750307261943817,0.7727423020726815,-0.03477773442864418,296,,,0.421875,27,0,92133.5,,2.70980579033494,,1.9277230496187036e-05,10330,1,0,1.6201815605163574,1,0.421875,,,,511,92136,0.03071424065907683,-0.017528142780065536,1.6201815605163574,,,11.319241967052221,-2.4748666286468506
45,,270.33941914886236,0,,0.001,64,45,,0.13893939554691315,253.80209429562092,-0.039957087486982346,,0.20782774686813354,0,1767254988.4705985,306.96781202412825,1,,1,76.04878377914429,,,,-1.6201815605163574,64632,,0.515625,,,,,103.236328125,,363.25,0,0.015625,,13828.398286703,0.0077964900325480065,0.13240432366728783,2.777256339788437,0,1.4720124006271362,102287,262.69759368896484,,,,331942,,,0,4823.34375,0.20281947842047018,270.33941914886236,,,,0.125,1e-06,0,0.515625,37655,0,,469,,,,,,82982,0.006732068955898285,,,0.0011590532958507538,0.8221801988234981,-0.039957087486982346,296,,,0.515625,33,0,82985.5,,2.5879824943840504,,2.0280859173886657e-05,9041,1,0,1.6201815605163574,1,0.515625,,,,584,82990,0.033184907122292856,-0.06643149629235268,1.6201815605163574,,,11.015464439988136,-1.6201815605163574
46,,492.5180529244244,0,,0.001,64,46,,0.1271972507238388,471.2240795567632,-0.055385421961545944,,0.2537381052970886,0,1767255481.0019658,198.91555125398247,1,,1,76.04878377914429,,,,-2.4748666286468506,76494,,0.5,,,,,103.236328125,,402.125,0,0.015625,,14130.9048665,0.00854685907500745,0.2184070236980915,3.606597613543272,0,1.3297796249389648,114915,263.41362380981445,,,,391878,,,0,5720.96875,0.19864349627909933,492.5180529244244,,,,0.125,1e-06,0,0.5,38421,0,,576,,,,,,96766,0.01034025102853775,,,0.0052413977682590485,1.2869981579735819,-0.055385421961545944,296,,,0.5,32,0,97969.5,,3.34932604059577,,2.6386403494296058e-05,21580,1,0,2.4748666286468506,1,0.5,,,,1341,101570,0.035925910505528784,-0.06807763502001762,2.4748666286468506,,,14.07857395708561,-2.4748666286468506
47,,302.4954604282975,0,,0.001,64,47,,0.1272038370370865,284.9157392382622,-0.026673248037695885,,0.39849260449409485,0,1767255783.5085967,281.7331535466165,1,,1,76.04878377914429,,,,-2.4748666286468506,58634,,0.53125,,,,,103.236328125,,385.875,0,0.015625,,14403.425241761,0.008017593380601214,0.158904779702425,2.999926295131445,0,1.5862113237380981,119068,263.3839416503906,,,,340892,,,0,4940.5625,0.2006294392543709,302.4954604282975,,,,0.125,1e-06,0,0.53125,60434,0,,560,,,,,,85217,0.006031543016433716,,,0.0022759847342967987,0.901073192697764,-0.026673248037695885,296,,,0.53125,34,0,85223.0,,2.733133442699909,,1.7693413211321227e-05,9790,1,0,2.4748666286468506,1,0.53125,,,,589,85231,0.034201319708633555,-0.0867419671267271,2.4748666286468506,,,11.658956278115511,-2.4748666286468506
48,,272.51143668964505,0,,0.001,64,48,,0.1392192393541336,255.74644973874092,-0.029205648228526115,,0.27350497245788574,0,1767256056.0289176,289.7144463331802,1,,1,76.04878377914429,,,,-1.6201815605163574,52473,,0.5,,,,,103.236328125,,386.75,0,0.015625,,14710.156593879,0.008685525478352987,0.14734799414873123,2.897165399044752,0,1.2135475873947144,110303,264.1180992126465,,,,315802,,,0,4547.65625,0.19760689436196696,272.51143668964505,,,,0.125,1e-06,0,0.5,57830,0,,575,,,,,,78941,0.007407058030366898,,,0.0015090331435203552,0.8787027993085068,-0.029205648228526115,296,,,0.5,32,0,78950.5,,2.74290631711483,,2.3454753390944e-05,11626,1,0,1.6201815605163574,1,0.5,,,,506,78957,0.03467149233770265,-0.07655184715986252,1.6201815605163574,,,10.949326623231173,-1.6201815605163574
49,,306.7229622602463,0,,0.001,64,49,,0.1368279606103897,290.41383200883865,-0.03939421474933624,,0.552504301071167,0,1767256362.7603745,294.25821051969496,1,,1,76.04878377914429,,,,-1.6201815605163574,78090,,0.40625,,,,,103.236328125,,392.125,0,0.015625,,15880.358896157,0.007110848006555276,0.15146498382091522,2.881302796304226,0,1.753288984298706,105499,264.2318878173828,,,,361023,,,0,5248.859375,0.23201887329146137,306.7229622602463,,,,0.125,1e-06,0,0.40625,27409,0,,494,,,,,,90252,0.006497431546449661,,,0.0033123046159744263,0.8645147070906437,-0.03939421474933624,296,,,0.40625,26,0,90255.75,,2.5671796798706055,,1.799727869540074e-05,9684,1,0,2.4748666286468506,1,0.40625,,,,769,90262,0.02958934819048206,-0.05955470912158489,2.4748666286468506,,,10.682435251772404,-1.6201815605163574
50,0.0,1170.1800322309136,0,0.21999772726098782,0.001,64,50,0.0,0.14861123263835907,230.0307984612882,-0.05281541869044304,0.0,0.5719874501228333,0,1767257532.962389,55.3874175039848,1,0.0,1,76.04878377914429,0.752375,0.0,0.0,-1.6201815605163574,35636,0.27703428668085656,0.671875,0.0,0.25175,0.24431703295843926,0.5,103.236328125,0.2743647207641682,362.75,0,0.015625,0.25,16154.543221477,0.00956567571128167,0.1504361517727375,2.861354649066925,0,1.6705243587493896,108186,264.61145401000977,0.5833333333333334,1.0,0.918,259253,0.0,0.0,0,3688.078125,0.17217568969842306,1170.1800322309136,0.0,0.24143357728128884,1.0,0.125,1e-06,0,0.671875,72550,0,0.0,697,0.992,0.48936170212765956,0.08908422980528034,1.0,0.49988681380726513,64803,0.020285706967115402,924.285303786397,0.5428571428571428,0.003851167857646942,0.9745539828979702,-0.05281541869044304,296,0.35355339059327373,0.37506666666666677,0.671875,43,0,64813.25,0.051,2.4799301251769066,0.0,7.82467588306226e-05,12737,1,0,1.20761239528656,1,0.671875,0.044676615807377355,0.6913333333333332,0.002,533,64822,0.039839807545743365,0.018658608198165894,1.20761239528656,0.27632185740998655,1.0,10.328589625656605,-1.6201815605163574
51,,274.17436684668064,0,,0.001,64,51,,0.14729760587215424,256.8237695880234,-0.027695009484887123,,0.259469598531723,0,1767257807.1469157,300.94352345542376,1,,1,76.04878377914429,,,,-1.6201815605163574,61490,,0.546875,,,,,103.236328125,,369.125,0,0.015625,,16426.91899538,0.008277667789531264,0.14001138880848885,2.9345811270177364,0,1.2821921110153198,107705,265.6459159851074,,,,330044,,,0,4787.8125,0.19809050024122563,274.17436684668064,,,,0.125,1e-06,0,0.546875,46215,0,,559,,,,,,82510,0.00758124515414238,,,0.002408687025308609,0.8381429723517506,-0.027695009484887123,296,,,0.546875,35,0,82511.0,,2.7319945879280567,,2.2970407443075408e-05,10498,1,0,1.6201815605163574,1,0.546875,,,,552,82512,0.03487472121107746,-0.2903714179992676,1.6201815605163574,,,11.51019248738885,-1.6201815605163574
52,,272.36381800472736,0,,0.001,64,52,,0.13937605917453766,255.32938819006085,-0.04153217002749443,,0.2151688039302826,0,1767258079.5227346,290.5305138534464,1,,1,76.04878377914429,,,,-1.6201815605163574,61938,,0.46875,,,,,103.236328125,,387.375,0,0.015625,,16693.372979238,0.008367590121778935,0.1653599813580513,2.945041473954916,0,1.2901026010513306,108281,266.08304595947266,,,,316520,,,0,4558.25,0.1924357237873882,272.36381800472736,,,,0.125,1e-06,0,0.46875,46343,0,,737,,,,,,79126,0.007843222469091415,,,0.0020929835736751556,0.8752309966477707,-0.04153217002749443,296,,,0.46875,30,0,79130.0,,2.6485096253454685,,2.4779547798216274e-05,12920,1,0,1.20761239528656,1,0.46875,,,,495,79135,0.03553041450337515,0.2283446602523327,1.20761239528656,,,11.246086798608303,-1.6201815605163574
53,,266.44275995343924,0,,0.001,64,53,,0.14041823148727417,249.45929885655642,-0.04589829593896866,,0.5734262466430664,0,1767258345.9767466,300.2455387190092,1,,1,76.04878377914429,,,,-1.6201815605163574,57681,,0.53125,,,,,103.236328125,,373.75,0,0.015625,,17047.95084132,0.008337592446920613,0.1391213797032833,3.103084836155176,0,1.3857098817825317,110734,266.3628616333008,,,,319993,,,0,4626.140625,0.19988865530755656,266.44275995343924,,,,0.125,1e-06,0,0.53125,53053,0,,470,,,,,,79995,0.0069570764899253845,,,0.0018605738878250122,0.8425601080022711,-0.04589829593896866,296,,,0.53125,34,0,79998.25,,2.667971219867468,,2.1741339622821074e-05,9766,1,0,2.4748666286468506,1,0.53125,,,,334,80001,0.0345228062129649,0.07807291485369205,2.4748666286468506,,,11.047056328505278,-1.6201815605163574
54,,354.5680438838899,0,,0.001,64,54,,0.10667315125465393,332.96016921103,-0.022533651441335678,,0.342194139957428,0,1767258700.5545907,288.3438080885812,1,,1,76.04878377914429,,,,-2.4748666286468506,38993,,0.53125,,,,,103.236328125,,456.25,0,0.015625,,17307.259157645,0.008405916486630041,0.17068017646670341,3.67152451723814,0,1.0327458381652832,184540,266.7267723083496,,,,408950,,,0,5933.59375,0.21259506518185972,354.5680438838899,,,,0.125,1e-06,0,0.53125,145547,0,,711,,,,,,102218,0.009509310126304626,,,0.0018401406705379486,0.876787805690665,-0.022533651441335678,296,,,0.53125,34,0,102237.5,,3.4375995472073555,,2.3252989671853837e-05,13470,1,0,1.6201815605163574,1,0.53125,,,,532,102252,0.03495592550618358,-0.03597567044198513,1.6201815605163574,,,14.295225735753775,-2.4748666286468506
55,,259.2998817525804,0,,0.001,64,55,,0.15453416109085083,245.16828030720353,-0.028591331094503403,,0.7390669584274292,0,1767258959.862888,239.30207596163896,1,,1,76.04878377914429,,,,-2.4748666286468506,27112,,0.6875,,,,,103.236328125,,372.0,0,0.015625,,17540.892137111,0.009325813452303492,0.12604374438524246,2.450409919023514,0,0.9863149523735046,104757,267.10235595703125,,,,248204,,,0,3506.1875,0.18293497937230205,259.2998817525804,,,,0.125,1e-06,0,0.6875,77645,0,,545,,,,,,62048,0.006352715194225311,,,0.002024628221988678,1.0925697441451876,-0.028591331094503403,296,,,0.6875,44,0,62051.0,,2.3147042021155357,,2.55947333412246e-05,9910,1,0,2.4748666286468506,1,0.6875,,,,352,62054,0.03709397798262143,-0.06385806389153004,2.4748666286468506,,,9.206873711198568,-2.4748666286468506
56,,233.62466771155596,0,,0.001,64,56,,0.17685891687870026,218.8832717165351,-0.04858196899294853,,0.38292255997657776,0,1767259193.4958408,273.63334799443317,1,,1,76.04878377914429,,,,-2.4748666286468506,51934,,0.578125,,,,,103.236328125,,329.5,0,0.015625,,17720.056941987,0.009305751200509403,0.1320466659963131,2.51843074709177,0,1.334093689918518,85452,267.1795120239258,,,,255710,,,0,3665.96875,0.17303767961483948,233.62466771155596,,,,0.125,1e-06,0,0.578125,33518,0,,421,,,,,,63926,0.006525278091430664,,,0.0018233731389045715,0.9329187873112287,-0.04858196899294853,296,,,0.578125,37,0,63927.5,,2.3795736394822598,,2.5518274965510398e-05,8488,1,0,1.20761239528656,1,0.578125,,,,553,63929,0.037875038629091744,0.03375377878546715,1.20761239528656,,,9.685026127845049,-2.4748666286468506
57,,179.15469058603048,0,,0.001,64,57,,0.1531444787979126,164.88164654746652,-0.03310897573828697,,0.22860011458396912,0,1767259372.660686,390.02048883808794,1,,1,76.04878377914429,,,,-2.4748666286468506,33552,,0.578125,,,,,103.236328125,,348.0,0,0.015625,,17989.613859339,0.008031748288859962,0.1420910879969597,2.436576671898365,0,1.0727368593215942,107224,267.6568794250488,,,,279496,,,0,4019.125,0.19898537736887448,179.15469058603048,,,,0.125,1e-06,0,0.578125,73672,0,,512,,,,,,69849,0.008444968611001968,,,0.00137285515666008,0.6410041308255315,-0.03310897573828697,296,,,0.578125,37,0,69874.0,,2.244841519743204,,3.0214989162642643e-05,10826,1,0,2.4748666286468506,1,0.578125,,,,509,69887,0.03370918121552376,-0.27352306991815567,2.4748666286468506,,,9.42158131301403,-2.4748666286468506
58,,269.5375284142792,0,,0.001,64,58,,0.15226386487483978,252.31570983305573,-0.03420144319534302,,0.3681403398513794,0,1767259642.2176096,280.68354876252573,1,,1,76.04878377914429,,,,-2.4748666286468506,33853,,0.5625,,,,,103.236328125,,373.0,0,0.015625,,18199.760761926,0.009101642480783082,0.14481604099273682,2.8893696926534176,0,1.1797702312469482,116447,267.9051513671875,,,,302619,,,0,4355.421875,0.18102894259168442,269.5375284142792,,,,0.125,1e-06,0,0.5625,82594,0,,504,,,,,,75648,0.006313003599643707,,,0.0030116550624370575,0.905178207597053,-0.03420144319534302,296,,,0.5625,36,0,75654.75,,2.7543299458920956,,2.086122682198972e-05,9664,1,0,2.4748666286468506,1,0.5625,,,,497,75669,0.03769583900275175,0.0937381349503994,2.4748666286468506,,,11.407477103173733,-2.4748666286468506
59,,210.1372058056295,0,,0.001,64,59,,0.20126089453697205,198.4030416458845,-0.059298910200595856,,0.18188191950321198,0,1767259852.3644698,234.7466257147619,1,,1,76.04878377914429,,,,-2.4748666286468506,36294,,0.6875,,,,,103.236328125,,316.375,0,0.015625,,18331.248113301,0.009260519277362184,0.10331455990672112,2.0720758251845837,0,1.1827510595321655,67555,267.8793258666992,,,,197316,,,0,2766.6875,0.1610127007300624,210.1372058056295,,,,0.125,1e-06,0,0.6875,31261,0,,397,,,,,,49321,0.006314195692539215,,,0.0014305748045444489,1.120490668251093,-0.059298910200595856,296,,,0.6875,44,0,49329.0,,1.8272486217319965,,3.2000424154854216e-05,7105,1,0,1.6201815605163574,1,0.6875,,,,599,49337,0.03906088530048844,0.1583830565214157,1.6201815605163574,,,7.707337643951178,-2.4748666286468506
60,,131.47976526245475,0,,0.001,64,60,,0.19514931738376617,119.11075186729431,-0.04216848686337471,,0.13601639866828918,0,1767259983.8517978,387.49879039028633,1,,1,76.04878377914429,,,,-2.4748666286468506,33968,,0.71875,,,,,103.236328125,,306.875,0,0.015625,,18631.482995924,0.00935634559794119,0.10789525508880615,2.140455424785614,0,1.0238292217254639,69252,268.16511154174805,,,,203793,,,0,2877.390625,0.1621425333701187,131.47976526245475,,,,0.125,1e-06,0,0.71875,35284,0,,358,,,,,,50938,0.005959205329418182,,,0.001008637249469757,0.6468032118254621,-0.04216848686337471,296,,,0.71875,46,0,50948.25,,1.9067577384412289,,2.924146231430021e-05,6936,1,0,1.6201815605163574,1,0.71875,,,,510,50955,0.04020386793175152,0.10496524721384048,1.6201815605163574,,,8.193266857415438,-2.4748666286468506
61,,300.223215483129,0,,0.001,64,61,,0.12390483170747757,284.3230918906629,-0.030336497351527214,,0.8608294725418091,0,1767260284.0867426,293.22932225055416,1,,1,76.04878377914429,,,,-2.4748666286468506,34218,,0.59375,,,,,103.236328125,,404.0,0,0.015625,,18919.541148534,0.007194094935906374,0.15922297164797783,2.7235969454050064,0,1.1941680908203125,162953,268.39441680908203,,,,352137,,,0,5098.140625,0.24082279525585282,300.223215483129,,,,0.125,1e-06,0,0.59375,128735,0,,732,,,,,,88028,0.007382802665233612,,,0.0017127953469753265,0.8714056040365908,-0.030336497351527214,296,,,0.59375,38,0,88034.25,,2.533307008445263,,2.096571125792976e-05,12846,1,0,2.4748666286468506,1,0.59375,,,,568,88041,0.029677256300321427,0.07039123773574829,2.4748666286468506,,,10.450460001826286,-2.4748666286468506
62,,288.04934683814645,0,,0.001,64,62,,0.1519698053598404,271.227030236274,-0.05035895109176636,,0.47197073698043823,0,1767260572.1449153,274.87130545200955,1,,1,76.04878377914429,,,,-2.4748666286468506,46423,,0.546875,,,,,103.236328125,,386.25,0,0.015625,,19249.711504341,0.00845257701206747,0.15048867836594582,2.8639051131904125,0,1.3639832735061646,110310,268.45894622802734,,,,316706,,,0,4562.28125,0.19645666660687874,288.04934683814645,,,,0.125,1e-06,0,0.546875,63887,0,,543,,,,,,79168,0.006697818636894226,,,0.0031095296144485474,0.9289042290941141,-0.05035895109176636,296,,,0.546875,35,0,79176.5,,2.67698185518384,,2.114837937043891e-05,9903,1,0,1.6201815605163574,1,0.546875,,,,539,79186,0.03506083637299999,0.07463451847434044,1.6201815605163574,,,11.103977244347334,-2.4748666286468506
63,,330.16141797602177,0,,0.001,64,63,,0.13073718547821045,311.13719899207354,-0.0210751723498106,,0.25985828042030334,0,1767260902.315208,309.3085516352388,1,,1,76.04878377914429,,,,-1.6201815605163574,74599,,0.453125,,,,,103.236328125,,443.5,0,0.015625,,19541.846031452,0.007370504953606952,0.15453336387872696,3.22444536536932,0,0.995716392993927,137550,269.4520454406738,,,,408487,,,0,5939.109375,0.22895036852121725,330.16141797602177,,,,0.125,1e-06,0,0.453125,62951,0,,550,,,,,,102117,0.008600734174251556,,,0.0019512176513671875,0.818560229706352,-0.0210751723498106,296,,,0.453125,29,0,102121.75,,3.010755456984043,,2.1055098875243412e-05,10536,1,0,2.4748666286468506,1,0.453125,,,,867,102131,0.030858711387997843,0.17195715196430683,2.4748666286468506,,,12.605382438749075,-1.6201815605163574
64,,292.12692898884416,0,,0.001,64,64,,0.14360083639621735,275.95895060524344,-0.050120409578084946,,0.16983002424240112,0,1767261194.449764,259.99657156872547,1,,1,76.04878377914429,,,,-2.4748666286468506,54927,,0.71875,,,,,103.236328125,,394.125,0,0.015625,,19794.649919069,0.00857642927499967,0.1607760339975357,2.8545765466988087,0,0.9856331944465637,99401,269.77734756469727,,,,303808,,,0,4352.875,0.19398312163562179,292.12692898884416,,,,0.125,1e-06,0,0.71875,44474,0,,464,,,,,,75942,0.008929252624511719,,,0.001117810606956482,0.9905771709977724,-0.050120409578084946,304,,,0.71875,46,0,75952.0,,2.6055878251791,,2.9391104330734275e-05,8976,1,0,0.935412585735321,1,0.71875,,,,916,75971,0.03462020033944578,0.013878677040338516,0.935412585735321,,,10.517893824726343,-2.4748666286468506
65,,252.79434506967664,0,,0.001,64,65,,0.1540679633617401,237.05761824548244,-0.035098496824502945,,0.7186712622642517,0,1767261447.2536905,299.5854198365311,1,,1,76.04878377914429,,,,-2.4748666286468506,61197,,0.515625,,,,,103.236328125,,335.125,0,0.015625,,20032.70974044,0.008077142823353749,0.13214853778481483,2.7424201630055904,0,1.0802717208862305,92043,269.81435775756836,,,,302934,,,0,4398.21875,0.1949014081378779,252.79434506967664,,,,0.125,1e-06,0,0.515625,30846,0,,443,,,,,,75726,0.00653361901640892,,,0.0018262490630149841,0.842164861646698,-0.035098496824502945,296,,,0.515625,33,0,75733.5,,2.4468411840498447,,2.156779700003605e-05,8628,1,0,2.4748666286468506,1,0.515625,,,,559,75741,0.034300990866702734,-0.20531465113162994,2.4748666286468506,,,10.390936367213726,-2.4748666286468506
66,,238.04485716670752,0,,0.001,64,66,,0.17169129848480225,223.5565782599151,-0.08729305118322372,,0.2880055010318756,0,1767261685.313485,227.21032768257763,1,,1,76.04878377914429,,,,-2.4748666286468506,38010,,0.78125,,,,,103.236328125,,356.5,0,0.015625,,20317.822552616,0.010492738991773975,0.1392754651606083,2.426285643130541,0,1.1912426948547363,65472,270.0761833190918,,,,216345,,,0,3023.890625,0.14574830176086362,238.04485716670752,,,,0.125,1e-06,0,0.78125,27462,0,,471,,,,,,54084,0.008398756384849548,,,0.0023652464151382446,1.1551580293388335,-0.08729305118322372,296,,,0.78125,50,0,54086.25,,2.2700516171753407,,3.882112544708474e-05,10671,1,0,0.7245674133300781,1,0.78125,,,,556,54087,0.04447131258005046,0.007087893784046173,0.7245674133300781,,,9.621146120131016,-2.4748666286468506
67,,285.09979605302215,0,,0.001,64,67,,0.13949351012706757,266.9924594797194,-0.05209187790751457,,0.3815077841281891,0,1767261970.4262831,239.33110771959358,1,,1,76.04878377914429,,,,-2.4748666286468506,50445,,0.765625,,,,,103.236328125,,407.5,0,0.015625,,20589.818908713,0.010349512643344785,0.15985125303268433,3.2115189135074615,0,1.184128999710083,96894,270.6601753234863,,,,272933,,,0,3857.078125,0.15872770922933044,285.09979605302215,,,,0.125,1e-06,0,0.765625,46449,0,,712,,,,,,68225,0.009776271879673004,,,0.0024518966674804688,1.0815848277303473,-0.05209187790751457,296,,,0.765625,49,0,68233.25,,2.824723534286022,,3.5819310525561235e-05,14267,1,0,0.935412585735321,1,0.765625,,,,651,68242,0.04352577240336224,0.2388889640569687,0.935412585735321,,,11.879619639366865,-2.4748666286468506
68,,271.9841026738286,0,,0.001,64,68,,0.14551392197608948,253.45119766891003,-0.05163286253809929,,0.7711232900619507,0,1767262242.4226284,260.9922760269861,1,,1,76.04878377914429,,,,-2.4748666286468506,44782,,0.65625,,,,,103.236328125,,386.75,0,0.015625,,20789.743398323,0.010304181698022784,0.14784619584679604,3.1300513818860054,0,1.2303366661071777,93264,270.7055130004883,,,,283943,,,0,4049.859375,0.16324485729548152,271.9841026738286,,,,0.125,1e-06,0,0.65625,48482,0,,697,,,,,,70980,0.007368694990873337,,,0.0014731436967849731,0.9778549319571668,-0.05163286253809929,296,,,0.65625,42,0,70985.75,,2.9258002638816833,,2.5951317661901638e-05,12480,1,0,1.6201815605163574,1,0.65625,,,,477,70988,0.04332371669223054,0.15481957234442234,1.6201815605163574,,,12.301466088742018,-2.4748666286468506
69,,199.9126562476158,0,,0.001,64,69,,0.1438094824552536,183.3479875512421,-0.034829072654247284,,0.15849746763706207,0,1767262442.3470967,378.80668198516395,1,,1,76.04878377914429,,,,-1.6201815605163574,48782,,0.5625,,,,,104.810546875,,374.375,0,0.03125,,21027.957613354,0.008551593192747732,0.15456808358430862,2.8411937430500984,0,0.9285472631454468,129293,271.0374183654785,,,,302913,,,0,4358.640625,0.19419059792413323,199.9126562476158,,,,0.125,1e-06,0,0.5625,80511,0,,733,,,,,,75001,0.008653182536363602,,,0.002718273550271988,0.6572719689382875,-0.034829072654247284,296,,,0.5625,36,0,75728.25,,2.590388748794794,,2.856656048556385e-05,12913,1,0,2.4748666286468506,1,0.5625,,,,566,76458,0.03612940646575068,-0.15328317135572433,2.4748666286468506,,,10.944066900759935,-1.6201815605163574
70,,238.2035364843905,0,,0.001,64,70,,0.17141275107860565,224.01719680801034,-0.04466502368450165,,0.27619194984436035,0,1767262680.5613005,270.269916854147,1,,1,76.04878377914429,,,,-2.4748666286468506,44687,,0.625,,,,,104.810546875,,345.25,0,0.015625,,21265.402227025,0.008657932894397752,0.1397464983165264,2.416070394217968,0,1.0992172956466675,94697,271.655818939209,,,,257517,,,0,3678.453125,0.17950559731940363,238.2035364843905,,,,0.125,1e-06,0,0.625,50010,0,,546,,,,,,64370,0.00972701981663704,,,0.0023531243205070496,0.9515599577268398,-0.04466502368450165,296,,,0.625,40,0,64379.25,,2.229564905166626,,3.777234053144856e-05,10664,1,0,2.4748666286468506,1,0.625,,,,595,64387,0.03638128711376178,0.12817742116749287,2.4748666286468506,,,9.368799913674593,-2.4748666286468506
71,,237.43369405716658,0,,0.001,64,71,,0.17306281626224518,223.277847353369,-0.040554385632276535,,0.16432878375053406,0,1767262918.0059223,279.95078905690684,1,,1,76.04878377914429,,,,-2.4748666286468506,36449,,0.625,,,,,104.810546875,,338.625,0,0.015625,,21572.306061842,0.008426619951772685,0.14011631533503532,2.3587862215936184,0,1.1149381399154663,118562,271.6859321594238,,,,265879,,,0,3815.734375,0.1887387051265212,237.43369405716658,,,,0.125,1e-06,0,0.625,82113,0,,469,,,,,,66425,0.008574750274419785,,,0.0014727897942066193,0.9142974908719611,-0.040554385632276535,296,,,0.625,40,0,66469.75,,2.2404612861573696,,3.2250573661025446e-05,11140,1,0,1.20761239528656,1,0.625,,,,545,66521,0.03528694007640776,0.1182891633361578,1.20761239528656,,,9.382056340575218,-2.4748666286468506
72,,306.8920046016574,0,,0.001,64,72,,0.12834739685058594,287.22923108935356,-0.04879802092909813,,0.4724181592464447,0,1767263224.9098003,289.68985397777243,1,,1,76.04878377914429,,,,-2.4748666286468506,82676,,0.53125,,,,,104.810546875,,405.875,0,0.015625,,21777.615457283,0.008711202129440642,0.1598646119236946,3.5224804431200027,0,1.3721216917037964,103070,271.99024963378906,,,,355614,,,0,5150.59375,0.19170201825657182,306.8920046016574,,,,0.125,1e-06,0,0.53125,20394,0,,546,,,,,,88899,0.007044043391942978,,,0.0016666948795318604,0.8713474511110781,-0.04879802092909813,307,,,0.53125,34,0,88903.5,,3.0978254340589046,,1.980811608075885e-05,10782,1,0,1.6201815605163574,1,0.53125,,,,768,88906,0.03613951319753341,-0.012888593599200249,1.6201815605163574,,,12.851716846227646,-2.4748666286468506
73,,205.29719220101833,0,,0.001,64,73,,0.143249973654747,187.7010910026729,-0.02028711885213852,,0.8790373802185059,0,1767263430.219225,400.22588287299743,1,,1,76.04878377914429,,,,-1.6201815605163574,32079,,0.453125,,,,,104.810546875,,360.125,0,0.015625,,22027.324654122,0.008308633646762096,0.14826935902237892,3.2478801496326923,0,0.7279187440872192,125020,272.4136734008789,,,,328661,,,0,4775.203125,0.20109193715194681,205.29719220101833,,,,0.125,1e-06,0,0.453125,92941,0,,546,,,,,,82159,0.00849103182554245,,,0.004324071109294891,0.6141790139904811,-0.02028711885213852,296,,,0.453125,29,0,82165.25,,2.7307238429784775,,2.583522786561974e-05,10786,1,0,1.6201815605163574,1,0.453125,,,,516,82184,0.03480743960772373,0.018658626824617386,1.6201815605163574,,,11.43984790891409,-1.6201815605163574
74,,249.69246245920658,0,,0.001,64,74,,0.1499267816543579,234.2883005514741,-0.053063757717609406,,0.4737190008163452,0,1767263679.928407,239.24630888591471,1,,1,76.04878377914429,,,,-2.4748666286468506,49629,,0.765625,,,,,104.810546875,,358.25,0,0.015625,,22336.373878298,0.010348401856824924,0.13746803626418114,2.6593551225960255,0,1.1335978507995605,67562,272.5231475830078,,,,238952,,,0,3375.375,0.15639277986001895,249.69246245920658,,,,0.125,1e-06,0,0.765625,17933,0,,549,,,,,,59733,0.006817635148763657,,,0.001441076397895813,1.0845475528250292,-0.053063757717609406,296,,,0.765625,49,0,59738.0,,2.472771320492029,,2.8531400234204596e-05,10165,1,0,1.20761239528656,1,0.765625,,,,536,59742,0.04224586823288607,-0.0067126695066690445,1.20761239528656,,,10.094734705984592,-2.4748666286468506
75,,309.0350419320166,0,,0.001,64,75,,0.12923406064510345,291.1483348272741,-0.06106259673833847,,0.5348168611526489,0,1767263988.9775712,247.03428298203875,1,,1,76.04878377914429,,,,-2.4748666286468506,63322,,0.765625,,,,,104.810546875,,406.5,0,0.015625,,22646.46698603,0.009182877525211396,0.16781580075621605,3.0495327301323414,0,1.1493936777114868,91038,272.96062088012695,,,,305369,,,0,4364.890625,0.17718177819317532,309.0350419320166,,,,0.125,1e-06,0,0.765625,27716,0,,560,,,,,,76340,0.009684648364782333,,,0.0017241835594177246,1.042223762863739,-0.06106259673833847,296,,,0.765625,49,0,76342.25,,2.8041661269962788,,3.171457602042884e-05,13637,1,0,0.7245674133300781,1,0.765625,,,,621,76345,0.03875083737172557,-0.018533553928136826,0.7245674133300781,,,11.833304457366467,-2.4748666286468506
76,,310.0802092626691,0,,0.001,64,76,,0.1300668716430664,293.35332414880395,-0.033988479524850845,,0.16867442429065704,0,1767264299.070715,270.735595153337,1,,1,76.04878377914429,,,,-2.4748666286468506,43657,,0.609375,,,,,104.810546875,,399.0,0,0.015625,,22958.372343122,0.00794784779387105,0.14612766355276108,2.8647163286805153,0,1.1445423364639282,147407,273.2056465148926,,,,335799,,,0,4847.859375,0.2115753835884808,310.0802092626691,,,,0.125,1e-06,0,0.609375,103750,0,,515,,,,,,83942,0.006883956491947174,,,0.003948841243982315,0.9454988965774326,-0.033988479524850845,296,,,0.609375,39,0,83949.75,,2.6688793413341045,,2.050022927985841e-05,10233,1,0,1.20761239528656,1,0.609375,,,,690,83957,0.03281190890314876,0.0983987133949995,1.20761239528656,,,11.01820619776845,-2.4748666286468506
77,,311.89254546165466,0,,0.001,64,77,,0.12207994610071182,291.5501998178661,-0.037983234971761703,,0.4389890432357788,0,1767264610.976074,257.6905128688984,1,,1,76.04878377914429,,,,-2.4748666286468506,57046,,0.703125,,,,,104.810546875,,434.875,0,0.015625,,23275.895142083,0.009730825369051784,0.16934698075056076,3.4473624154925346,0,1.136841893196106,108856,273.75440216064453,,,,321487,,,0,4588.359375,0.1643320560337748,311.89254546165466,,,,0.125,1e-06,0,0.703125,51810,0,,695,,,,,,80357,0.007363062351942062,,,0.0059614405035972595,0.9928324047534218,-0.037983234971761703,296,,,0.703125,45,0,80371.75,,3.128333855420351,,2.2903141812708018e-05,13256,1,0,1.20761239528656,1,0.703125,,,,1059,80383,0.04219527824408245,-0.08025574311614037,1.20761239528656,,,13.565233416855335,-2.4748666286468506
78,,317.5084068737924,0,,0.001,64,78,,0.11869551986455917,298.9750048071146,-0.036327507346868515,,0.17433084547519684,0,1767264928.4988618,271.47942584796743,1,,1,76.04878377914429,,,,-1.6201815605163574,56931,,0.65625,,,,,104.810546875,,413.5,0,0.015625,,23548.248228521,0.008264036913169076,0.16818221285939217,3.134299758821726,0,1.0266673564910889,132881,274.2864990234375,,,,344788,,,0,4973.8125,0.19292672873805825,317.5084068737924,,,,0.125,1e-06,0,0.65625,75950,0,,708,,,,,,86186,0.008652672171592712,,,0.002570115029811859,0.9392160340003097,-0.036327507346868515,296,,,0.65625,42,0,86197.0,,2.849340759217739,,2.509563027597455e-05,13711,1,0,1.20761239528656,1,0.65625,,,,689,86203,0.0358158978264336,-0.01701248064637184,1.20761239528656,,,12.348891779780388,-1.6201815605163574
79,,272.3431897163391,0,,0.001,64,79,,0.1393975466489792,257.9681991264224,-0.043078940361738205,,0.27645817399024963,0,1767265200.8519008,266.5616499373937,1,,1,76.04878377914429,,,,-2.4748666286468506,38043,,0.59375,,,,,104.810546875,,354.125,0,0.015625,,23784.103661778,0.007842035938569976,0.14609190449118614,2.4684871323406696,0,1.1119450330734253,103293,274.3725357055664,,,,290385,,,0,4183.140625,0.2063403875520683,272.3431897163391,,,,0.125,1e-06,0,0.59375,65250,0,,513,,,,,,72586,0.007968660444021225,,,0.002108566462993622,0.9635710277730264,-0.043078940361738205,296,,,0.59375,38,0,72596.25,,2.2772096060216427,,2.7441708228803915e-05,9862,1,0,1.6201815605163574,1,0.59375,,,,649,72607,0.03252633949076708,0.12513526901602745,1.6201815605163574,,,9.4451610930264,-2.4748666286468506
80,,235.84637782722712,0,,0.001,64,80,,0.16388818621635437,223.94113021716475,-0.034457359462976456,,0.27390429377555847,0,1767265436.7074025,248.54526298021793,1,,1,76.04878377914429,,,,-2.4748666286468506,45227,,0.65625,,,,,104.810546875,,340.875,0,0.015625,,24093.054498369,0.00800350889952114,0.1373852640390396,2.088063932955265,0,0.9779443144798279,67782,274.8259468078613,,,,234474,,,0,3322.78125,0.19248724221487507,235.84637782722712,,,,0.125,1e-06,0,0.65625,22555,0,,550,,,,,,58202,0.006537184119224548,,,0.0020942166447639465,1.053057633463894,-0.034457359462976456,296,,,0.65625,42,0,58618.5,,1.8766147457063198,,2.7880208975086995e-05,11113,1,0,2.4748666286468506,1,0.65625,,,,538,59854,0.03316337472063784,-0.09343357384204865,2.4748666286468506,,,7.775949124246836,-2.4748666286468506
81,,308.93931637331843,0,,0.001,64,81,,0.11454688757658005,289.4575259424746,-0.03495555743575096,,0.6269822716712952,0,1767265745.6582282,246.86320567836506,1,,1,76.04878377914429,,,,-1.6201815605163574,24150,,0.671875,,,,,104.810546875,,446.25,0,0.015625,,24380.593599792,0.010066486373333945,0.1820428930222988,3.265338722616434,0,1.412438154220581,126012,275.23297119140625,,,,305063,,,0,4320.359375,0.1687439035172816,308.93931637331843,,,,0.125,1e-06,0,0.671875,101862,0,,734,,,,,,76261,0.007813233882188797,,,0.0028408505022525787,1.0468513033944464,-0.03495555743575096,296,,,0.671875,43,0,76265.75,,3.0709125325083733,,2.5611869948793517e-05,13636,1,0,1.6201815605163574,1,0.671875,,,,540,76268,0.04238633289127487,0.06723637133836746,1.6201815605163574,,,12.930501870810986,-1.6201815605163574
82,,287.5203605554998,0,,0.001,64,82,,0.11611556261777878,271.1524750031531,-0.04310665652155876,,0.8397616744041443,0,1767266033.1973245,203.84817230599734,1,,1,76.04878377914429,,,,-2.4748666286468506,30756,,0.8125,,,,,104.810546875,,436.75,0,0.015625,,24594.306777025,0.011162217022058309,0.15484186634421349,2.802601136267185,0,0.9848936796188354,78519,275.7575798034668,,,,234442,,,0,3226.40625,0.15047052472249078,287.5203605554998,,,,0.125,1e-06,0,0.8125,47763,0,,695,,,,,,58608,0.009192299097776413,,,0.001412518322467804,1.3131506368499835,-0.04310665652155876,296,,,0.8125,52,0,58610.5,,2.616892483085394,,3.920926752790205e-05,12950,1,0,1.6201815605163574,1,0.8125,,,,444,58613,0.045916994902068235,-0.05706729181110859,1.6201815605163574,,,10.76487211883068,-2.4748666286468506
83,,213.70225244760513,0,,0.001,64,83,,0.16246159374713898,200.82998359575868,-0.04419179633259773,,0.18745198845863342,0,1767266246.9105198,235.65848943191318,1,,1,76.04878377914429,,,,-2.4748666286468506,30292,,0.8125,,,,,104.810546875,,328.25,0,0.015625,,24782.13992655,0.0100800414592316,0.12009512260556221,2.171171799302101,0,0.923200249671936,69615,275.79163360595703,,,,201443,,,0,2819.296875,0.15373789384199057,213.70225244760513,,,,0.125,1e-06,0,0.8125,39323,0,,511,,,,,,50354,0.006370585411787033,,,0.0012435540556907654,1.1130323030219118,-0.04419179633259773,296,,,0.8125,52,0,50360.75,,2.0305537916719913,,3.1624754455538456e-05,9596,1,0,0.935412585735321,1,0.8125,,,,537,50364,0.04232556267237685,0.1266716867685318,0.935412585735321,,,8.52618832141161,-2.4748666286468506
84,,187.81271309778094,0,,0.001,64,84,,0.13088059425354004,173.41664860025048,-0.03471966087818146,,0.9760369658470154,0,1767266434.7436152,377.5915848842391,1,,1,76.04878377914429,,,,-2.4748666286468506,46599,,0.625,,,,,104.810546875,,360.625,0,0.015625,,25174.716158465,0.007829402694351966,0.1503138728439808,2.455121386796236,0,0.9662273526191711,92286,275.9122428894043,,,,283666,,,0,4071.65625,0.2019979050851611,187.81271309778094,,,,0.125,1e-06,0,0.625,45687,0,,694,,,,,,69567,0.010202057659626007,,,0.002416420727968216,0.6654872042252864,-0.03471966087818146,296,,,0.625,40,0,70916.5,,2.220935344696045,,3.596503514565019e-05,12279,1,0,1.6201815605163574,1,0.625,,,,567,71373,0.03360834472758074,-0.03249822370707989,1.6201815605163574,,,9.533544715493917,-2.4748666286468506
85,,392.56590251997113,0,,0.001,64,85,,0.10978874564170837,374.04701628163457,-0.037487827241420746,,0.31546255946159363,0,1767266827.319891,208.4586294293271,1,,1,76.04878377914429,,,,-1.6201815605163574,63018,,0.671875,,,,,104.810546875,,442.375,0,0.015625,,25365.499629696,0.008970089175391696,0.15677011758089066,3.157050956040621,0,1.1026867628097534,92349,276.6020088195801,,,,327335,,,0,4672.234375,0.18749910524008595,392.56590251997113,,,,0.125,1e-06,0,0.671875,29331,0,,547,,,,,,81827,0.007699895650148392,,,0.002415437251329422,1.2508971426332909,-0.037487827241420746,296,,,0.671875,43,0,81833.75,,2.936224140226841,,2.3522983030071308e-05,11150,1,0,2.4748666286468506,1,0.671875,,,,659,81844,0.037394668902090325,0.11610636487603188,2.4748666286468506,,,12.240583945065737,-1.6201815605163574
86,,190.7691125832498,0,,0.001,64,86,,0.14618010818958282,174.34807811304927,-0.06328553706407547,,0.4293117821216583,0,1767267018.103389,324.43538244688756,1,,1,76.04878377914429,,,,-2.4748666286468506,52650,,0.703125,,,,,104.810546875,,380.875,0,0.015625,,25615.210897636,0.010777860894343655,0.12850062921643257,2.660243634134531,0,1.2797513008117676,72798,276.4041175842285,,,,247569,,,0,3487.390625,0.14823201715031303,190.7691125832498,,,,0.125,1e-06,0,0.703125,20148,0,,505,,,,,,61890,0.008832816034555435,,,0.0034626759588718414,0.7811538807805319,-0.06328553706407547,296,,,0.703125,45,0,61892.25,,2.6682642437517643,,3.5678198944760595e-05,10296,1,0,1.20761239528656,1,0.703125,,,,679,61895,0.044163569556833704,-0.16013623215258121,1.20761239528656,,,10.933530751615763,-2.4748666286468506
87,,249.70346440002322,0,,0.001,64,87,,0.12958677113056183,234.89384132251143,-0.02545025944709778,,0.6676125526428223,0,1767267267.8146098,235.54338799952401,1,,1,76.04878377914429,,,,-2.4748666286468506,25817,,0.71875,,,,,104.810546875,,374.375,0,0.015625,,25864.625980788,0.010115791090522915,0.13357268273830414,2.55908827111125,0,0.8181756138801575,94442,277.14135360717773,,,,235264,,,0,3301.625,0.16706468804026126,249.70346440002322,,,,0.125,1e-06,0,0.71875,68625,0,,548,,,,,,58814,0.007204677909612656,,,0.002277720719575882,1.1116393505211044,-0.02545025944709778,296,,,0.71875,46,0,58816.0,,2.379881475120783,,3.062380096237697e-05,11092,1,0,1.6201815605163574,1,0.71875,,,,531,58819,0.04124493902572963,-0.1442389003932476,1.6201815605163574,,,9.703449334949255,-2.4748666286468506
88,,249.40653209388256,0,,0.001,64,88,,0.13545143604278564,236.5856839902699,-0.03058178909122944,,0.5603946447372437,0,1767267517.2297163,193.4321831708886,1,,1,76.04878377914429,,,,-2.4748666286468506,36143,,0.921875,,,,,104.810546875,,398.75,0,0.015625,,26119.968344919,0.010566158421915935,0.12004270404577255,2.2085503898561,0,0.8666143417358398,59749,277.3352851867676,,,,192973,,,0,2616.453125,0.15124888499150146,249.40653209388256,,,,0.125,1e-06,0,0.921875,23606,0,,542,,,,,,48226,0.008317455649375916,,,0.0017605945467948914,1.4128482857295475,-0.03058178909122944,296,,,0.921875,59,0,48243.25,,2.038983289152384,,4.310165489149216e-05,10220,1,0,0.5400605201721191,1,0.921875,,,,507,48251,0.0436553750971606,-0.26759726740419865,0.5400605201721191,,,8.424308698624372,-2.4748666286468506
89,,255.33059595525265,0,,0.001,64,89,,0.11358136683702469,238.73258140683174,-0.050015341490507126,,1.056317925453186,0,1767267772.5720935,280.4109696769268,1,,1,76.04878377914429,,,,-2.4748666286468506,43155,,0.65625,,,,,104.810546875,,380.5,0,0.015625,,26391.292655482,0.009284172332121584,0.14817219227552414,2.801028497517109,0,1.1897107362747192,95430,277.8883819580078,,,,286390,,,0,4094.34375,0.18384922169375456,255.33059595525265,,,,0.125,1e-06,0,0.65625,52275,0,,575,,,,,,71593,0.009519156068563461,,,0.002395015209913254,0.911060920197955,-0.050015341490507126,296,,,0.65625,42,0,71597.5,,2.6588941141963005,,3.3238437335673246e-05,11904,1,0,1.20761239528656,1,0.65625,,,,442,71604,0.038256384740599565,-0.009473927319049835,1.20761239528656,,,10.95624602586031,-2.4748666286468506
90,,271.30842696875334,0,,0.001,64,90,,0.12902183830738068,257.24421633407474,-0.040217019617557526,,0.37991926074028015,0,1767268043.8964052,247.8277241559614,1,,1,76.04878377914429,,,,-2.4748666286468506,45534,,0.6875,,,,,104.810546875,,394.125,0,0.015625,,26571.835716801,0.008199527210842853,0.14352569729089737,2.4196244217455387,0,1.220568299293518,75327,278.10673904418945,,,,268951,,,0,3808.234375,0.19291229809041516,271.30842696875334,,,,0.125,1e-06,0,0.6875,29793,0,,698,,,,,,67227,0.010217588394880295,,,0.0021161846816539764,1.0554604796927494,-0.040217019617557526,296,,,0.6875,44,0,67237.75,,2.205271042883396,,3.79905201872471e-05,11137,1,0,1.6201815605163574,1,0.6875,,,,770,67243,0.034449027521351025,0.06641613878309727,1.6201815605163574,,,9.26510040089488,-2.4748666286468506
91,,180.5332577303052,0,,0.001,64,91,,0.11834105104207993,164.0997866652906,-0.04210086539387703,,0.2639106214046478,0,1767268224.4394617,365.73870559981714,1,,1,76.04878377914429,,,,-2.4748666286468506,18536,,0.734375,,,,,104.810546875,,390.75,0,0.015625,,26795.23175438,0.009914978822629926,0.13492194935679436,2.8393113426864147,0,1.215262532234192,100861,278.30149841308594,,,,264112,,,0,3736.0,0.16673422443456803,180.5332577303052,,,,0.125,1e-06,0,0.734375,82325,0,,512,,,,,,65708,0.007785297930240631,,,0.00221383199095726,0.686311340108449,-0.04210086539387703,296,,,0.734375,47,0,66028.0,,2.618664886802435,,2.9477259383294326e-05,10353,1,0,0.935412585735321,1,0.734375,,,,536,66347,0.040946089326744074,0.10760145075619221,0.935412585735321,,,10.814353544265032,-2.4748666286468506
92,,223.3880292326212,0,,0.001,64,92,,0.149966761469841,210.84805637970567,-0.04197201132774353,,0.3416449725627899,0,1767268447.8355093,245.460780456148,1,,1,76.04878377914429,,,,-1.6201815605163574,34065,,0.71875,,,,,104.810546875,,331.5,0,0.015625,,27113.442206213,0.009151997049676007,0.11912303417921066,2.2458044849336147,0,1.5151437520980835,82211,278.3219184875488,,,,219332,,,0,3095.5625,0.1763646265331635,223.3880292326212,,,,0.125,1e-06,0,0.71875,48146,0,,421,,,,,,54831,0.008746743202209473,,,0.001073591411113739,1.06426566445772,-0.04197201132774353,296,,,0.71875,46,0,54833.0,,2.007325816899538,,3.9879010824729055e-05,8531,1,0,1.20761239528656,1,0.71875,,,,445,54839,0.037109769950476885,-0.011531684547662735,1.20761239528656,,,8.139360062777996,-1.6201815605163574
93,,318.20104194805026,0,,0.001,64,93,,0.1061350405216217,300.0456984527409,-0.053965311497449875,,0.2903885543346405,0,1767268766.04595,221.55254290936483,1,,1,76.04878377914429,,,,-2.4748666286468506,59665,,0.734375,,,,,104.810546875,,485.875,0,0.015625,,27404.655064819,0.010154417440397363,0.1561378724873066,3.10097860917449,0,1.4916902780532837,86182,279.1520805358887,,,,281993,,,0,3920.265625,0.15941309090503603,318.20104194805026,,,,0.125,1e-06,0,0.734375,26517,0,,710,,,,,,70496,0.007721010595560074,,,0.0017825588583946228,1.1958919335533742,-0.053965311497449875,296,,,0.734375,47,0,70498.25,,2.8634746372699738,,2.7380149846131196e-05,14011,1,0,1.20761239528656,1,0.734375,,,,1283,70500,0.042553659652369465,0.1257053278386593,1.20761239528656,,,11.999834146350622,-2.4748666286468506
94,,291.20166117697954,0,,0.001,64,94,,0.11257011443376541,274.82777787745,-0.034704603254795074,,0.3374224007129669,0,1767269057.258744,235.7687443213923,1,,1,76.04878377914429,,,,-2.4748666286468506,31942,,0.734375,,,,,104.810546875,,431.5,0,0.015625,,27687.27424046,0.009435286047678945,0.14684852957725525,2.8186672627925873,0,1.0875440835952759,97282,279.29161834716797,,,,274625,,,0,3859.515625,0.17249598513230038,291.20166117697954,,,,0.125,1e-06,0,0.734375,65340,0,,558,,,,,,68655,0.008005127310752869,,,0.0017263665795326233,1.112622527427948,-0.034704603254795074,296,,,0.734375,47,0,68656.25,,2.59116543084383,,2.9149302906701388e-05,11993,1,0,1.6201815605163574,1,0.734375,,,,910,68658,0.03926877854463997,-0.1699147503823042,1.6201815605163574,,,10.78418830782175,-2.4748666286468506
95,,282.61054411157966,0,,0.001,64,95,,0.11888469010591507,264.45446540415287,-0.03141079843044281,,0.4202452600002289,0,1767269339.8779886,280.85735530328276,1,,1,76.04878377914429,,,,-1.20761239528656,52372,,0.515625,,,,,104.810546875,,363.75,0,0.015625,,27974.702484588,0.008946170021753198,0.14728177338838577,3.2662861570715904,0,1.29300856590271,112783,280.0995330810547,,,,317493,,,0,4597.078125,0.18273944449712096,282.61054411157966,,,,0.125,1e-06,0,0.515625,60411,0,,494,,,,,,79367,0.007209852337837219,,,0.0036490559577941895,0.8988537739805953,-0.03141079843044281,296,,,0.515625,33,0,79373.25,,2.840346358716488,,2.2708697003830696e-05,10326,1,0,2.4748666286468506,1,0.515625,,,,530,79384,0.03738068809324335,0.05132099986076355,2.4748666286468506,,,11.868106804788113,-1.20761239528656
96,,287.419859431684,0,,0.001,64,96,,0.11578183621168137,271.0172381699085,-0.030404536053538322,,0.4918924570083618,0,1767269627.3062243,248.4788286418847,1,,1,76.04878377914429,,,,-2.4748666286468506,57387,,0.609375,,,,,104.810546875,,413.625,0,0.015625,,28244.733003751,0.009128866094972732,0.13666095957159996,2.8250935040414333,0,1.0229743719100952,81574,280.37012100219727,,,,285671,,,0,4049.984375,0.17683272138896758,287.419859431684,,,,0.125,1e-06,0,0.609375,24187,0,,547,,,,,,71413,0.007352862507104874,,,0.0028062760829925537,1.0455952305753824,-0.030404536053538322,296,,,0.609375,39,0,71417.75,,2.607852306216955,,2.5738918220977534e-05,10722,1,0,2.4748666286468506,1,0.609375,,,,498,71424,0.03782847887279043,-0.02209702506661415,2.4748666286468506,,,10.806499388068914,-2.4748666286468506
97,,270.01277926936746,0,,0.001,64,97,,0.11251708120107651,249.80872816219926,-0.02278786152601242,,0.7833341956138611,0,1767269897.33676,301.99311388389094,1,,1,76.04878377914429,,,,-2.4748666286468506,52566,,0.46875,,,,,104.810546875,,360.0,0,0.015625,,28548.077058837,0.009990124715037239,0.1731954701244831,3.4302947111427784,0,1.3089088201522827,117270,280.2297134399414,,,,326168,,,0,4736.375,0.1756217207517312,270.01277926936746,,,,0.125,1e-06,0,0.46875,64704,0,,695,,,,,,81539,0.009837310761213303,,,0.002017185091972351,0.8241031120919191,-0.02278786152601242,296,,,0.46875,30,0,81542.0,,3.258458998054266,,3.016025717180503e-05,13523,1,0,2.4748666286468506,1,0.46875,,,,546,81546,0.040811620686391555,0.06629107519984245,2.4748666286468506,,,13.311444696038961,-2.4748666286468506
98,,303.3320305533707,0,,0.001,64,98,,0.10274004191160202,282.34655334055424,-0.03619202598929405,,0.466971755027771,0,1767270200.6807892,265.69317408706615,1,,1,76.04878377914429,,,,-2.4748666286468506,46518,,0.65625,,,,,104.810546875,,410.625,0,0.015625,,28836.088849246,0.010048698896561877,0.1607784554362297,3.6823509745299816,0,1.1348556280136108,112819,280.6239471435547,,,,322373,,,0,4626.453125,0.16483300092528966,303.3320305533707,,,,0.125,1e-06,0,0.65625,66301,0,,733,,,,,,80586,0.007827453315258026,,,0.0032529160380363464,0.9535738884085548,-0.03619202598929405,296,,,0.65625,42,0,80593.25,,3.239429209381342,,2.4280734786281812e-05,13204,1,0,2.4748666286468506,1,0.65625,,,,620,80602,0.04303769144641952,0.23275207169353962,2.4748666286468506,,,13.874189704656601,-2.4748666286468506
