_step,training/global_step,critic/rewards/mean,actor/entropy_loss,actor/kl_loss,actor/pg_loss,exp_replay/num_experience_tasks,exp_replay/num_offpolicy_trajectories,exp_replay/total_tasks_in_pool,exp_replay/offpolicy_rollout_ratio,exp_replay/offpolicy_token_ratio_llm,exp_replay/offpolicy_token_ratio_response,exp_replay/offpolicy_age_mean,exp_replay/offpolicy_age_max,exp_replay/offpolicy_age_min,exp_replay/offpolicy_age_count,exp_replay/entropy_llm_mean,exp_replay/entropy_llm_onpolicy_mean,exp_replay/entropy_llm_offpolicy_mean,exp_replay_diag/importance_ratio/off/mean,exp_replay_diag/importance_ratio/off/p90,exp_replay_diag/importance_ratio/off/p99,exp_replay_diag/importance_ratio/off/max,exp_replay_diag/importance_ratio_shaped/off/mean,exp_replay_diag/importance_ratio_shaped/off/p99,exp_replay_diag/adv/off/mean,exp_replay_diag/adv/on/mean
1,1,0.328125,0.12285671383142471,0.002642155159264803,0.24068119376897812,0,0,4,0.0,0.0,0.0,,,,,0.6041512489318848,0.6041512489318848,0.0,,,,,,,,-0.24068120494484901
2,2,0.203125,0.18285638093948364,0.003806662280112505,-0.17677617259323597,0,0,6,0.0,0.0,0.0,,,,,0.6769141554832458,0.6769141554832458,0.0,,,,,,,,0.17677619494497776
3,3,0.359375,0.14431609213352203,0.007057224400341511,0.00244833342730999,0,0,10,0.0,0.0,0.0,,,,,0.6829276084899902,0.6829276084899902,0.0,,,,,,,,-0.002448340877890587
4,4,0.234375,0.11974252760410309,0.007307847961783409,-0.02331351861357689,0,0,10,0.0,0.0,0.0,,,,,0.6296780705451965,0.6296780705451965,0.0,,,,,,,,0.023313522338867188
5,5,0.265625,0.18110640347003937,0.008967146277427673,0.3032837510108948,0,0,12,0.0,0.0,0.0,,,,,0.7474592328071594,0.7474592328071594,0.0,,,,,,,,-0.3032837547361851
6,6,0.375,0.11763988435268402,0.010767733678221703,0.022097021341323853,0,0,13,0.0,0.0,0.0,,,,,0.6879104971885681,0.6879104971885681,0.0,,,,,,,,-0.022097021341323853
7,7,0.34375,0.11449539661407471,0.006421749945729971,0.04501994699239731,0,0,16,0.0,0.0,0.0,,,,,0.6719763875007629,0.6719763875007629,0.0,,,,,,,,-0.0450199618935585
8,8,0.328125,0.12430074065923691,0.010243724100291729,0.24306725710630417,0,0,18,0.0,0.0,0.0,,,,,0.6724539399147034,0.6724539399147034,0.0,,,,,,,,-0.24306725896894932
9,9,0.28125,0.14322014153003693,0.013675615191459656,0.18964943662285805,0,0,19,0.0,0.0,0.0,,,,,0.7387444972991943,0.7387444972991943,0.0,,,,,,,,-0.18964944407343864
10,10,0.34375,0.14721547067165375,0.020571395754814148,-0.08656245656311512,4,4,19,0.0625,0.019765662029385567,0.002813067752867937,4.75,9.0,2.0,4.0,0.7853062748908997,0.7937021851539612,0.3689315617084503,,,,,,,,0.08656247146427631
11,11,0.546875,0.1744852066040039,0.45107921957969666,0.0757274441421032,4,4,18,0.0625,0.023906763643026352,0.0040278187952935696,7.0,9.0,5.0,4.0,0.7679102420806885,0.7776916027069092,0.3685453534126282,2299183.2378407717,1.305986225605011,2504.0999641418457,698939072.0,0.8467346131801605,0.9984663724899292,0.27003028988838196,-0.11965686721461159
12,12,0.484375,0.14898811280727386,0.07603847235441208,-0.17541202530264854,4,4,20,0.0625,0.035269301384687424,0.005012566223740578,6.5,11.0,1.0,4.0,0.7872071266174316,0.8020272254943848,0.38182950019836426,2303.6234220663705,1.0007586479187012,1763.1346995035808,729353.75,0.852449099222819,0.9981332818667094,0.7414592107137045,0.07024367956014779
13,13,0.46875,0.18336379528045654,0.2634195387363434,-0.13979511708021164,4,4,21,0.0625,0.03174908459186554,0.00554739311337471,7.25,10.0,4.0,4.0,0.7929893732070923,0.8032841086387634,0.4790289103984833,,,,,,,,0.13979511708021164
14,14,0.46875,0.15792973339557648,0.31536105275154114,-0.048672886565327644,4,4,23,0.0625,0.03095872886478901,0.004601712338626385,4.25,12.0,1.0,4.0,0.7776769399642944,0.7878984212875366,0.45773544907569885,718.9472351074219,2.2198097109794617,932.6534881591797,209210.203125,0.851780891418457,0.9997870028018951,0.7377365827560425,-0.034005707928112576
15,15,0.453125,0.15750180184841156,0.34137624502182007,0.04082608036696911,4,4,24,0.0625,0.027185168117284775,0.004117406904697418,7.5,12.0,2.0,4.0,0.7793815732002258,0.7888675332069397,0.4399277865886688,93519.6875,1.0043823719024658,25371.111328125,13749748.0,0.848471462726593,0.9999735355377197,0.9354126453399658,-0.09645922780036927
16,16,0.71875,0.153652623295784,0.08715544641017914,0.0939703918993473,4,4,25,0.0625,0.05160034820437431,0.007374913897365332,6.75,13.0,1.0,4.0,0.7719417214393616,0.792979896068573,0.385267436504364,175.1364278793335,2.091973602771759,1232.8409447669983,67800.3671875,0.8598107695579529,0.9967381060123444,0.780582383275032,-0.20356316651616777
17,17,0.578125,0.17360782623291016,0.4030962884426117,-0.12741776183247566,4,4,27,0.0625,0.01855245605111122,0.0029241538140922785,7.25,16.0,1.0,4.0,0.8296980261802673,0.8376770615577698,0.4075973927974701,14282987.640625,2.375077247619629,3571467.4926757812,7912517120.0,0.8617180287837982,0.9999955892562866,0.780582383275032,0.049260152237755914
18,18,0.375,0.14111770689487457,0.14345332980155945,0.15592548809945583,4,4,29,0.0625,0.027522273361682892,0.0036962309386581182,10.25,17.0,4.0,4.0,0.7974732518196106,0.806800365447998,0.4679092764854431,369.6080017089844,1.0722092390060425,37.03981399536133,141006.828125,0.8409004211425781,0.9972524046897888,0.5400605201721191,-0.19659632841746014
19,19,0.734375,0.20549330115318298,0.09336975961923599,-0.004795311018824577,4,4,32,0.0625,0.036660850048065186,0.006730786059051752,9.75,14.0,6.0,4.0,0.8215989470481873,0.8338469862937927,0.4997563660144806,,,,,,,,0.00479532778263092
20,20,0.5625,0.18387767672538757,0.13144828379154205,-0.17905920185148716,4,4,34,0.0625,0.05508891120553017,0.008829026482999325,10.25,17.0,3.0,4.0,0.8260198831558228,0.8453269600868225,0.4948543906211853,181.0413055419922,1.7813665866851807,277.26947021484375,64757.78515625,0.8661729097366333,0.9996143579483032,0.7245674133300781,0.14915644923845928
21,21,0.375,0.18385587632656097,0.06524637341499329,-0.2255860660225153,4,4,34,0.0625,0.0349452942609787,0.005333450622856617,3.75,10.0,1.0,4.0,0.8927268385887146,0.9053732752799988,0.5434815287590027,,,,,,,,0.2255860697478056
22,22,0.59375,0.2112034410238266,0.22490733861923218,0.1464350763708353,4,4,37,0.0625,0.04625726118683815,0.00876865815371275,8.0,20.0,3.0,4.0,0.8250152468681335,0.8395775556564331,0.5247668027877808,32237.169921875,1.151123046875,3601.852294921875,11749079.0,0.8567966222763062,0.9999690651893616,0.9354125261306763,-0.20962796012560528
23,23,0.546875,0.18596874177455902,0.11341515183448792,0.009612957015633583,4,4,38,0.0625,0.04505107179284096,0.007688443176448345,8.5,21.0,1.0,4.0,0.8083882331848145,0.8214382529258728,0.5317676067352295,26210.6669921875,1.1015639901161194,1929.0229568481445,15886470.0,0.8395441472530365,0.9996891617774963,0.9660898745059967,-0.12626871466636658
24,24,0.328125,0.1653653383255005,0.2300267517566681,0.08618483319878578,4,4,39,0.0625,0.034471701830625534,0.004859072621911764,12.75,17.0,7.0,4.0,0.8429009914398193,0.8561257719993591,0.47248148918151855,68151.578125,3.2344226837158203,28347.755859375,18490914.0,0.8376322984695435,0.9999719262123108,0.935412585735321,-0.14416593710581463
25,25,0.421875,0.1425953507423401,0.08962211012840271,0.0802312083542347,4,4,39,0.0625,0.03578910604119301,0.00463993800804019,13.0,23.0,3.0,4.0,0.794131338596344,0.8041028380393982,0.5254846215248108,156627.92400360107,1.6379653215408325,3222.7919006347656,93296712.0,0.8566952347755432,0.9997945725917816,1.0715125501155853,-0.22302354659352983
26,26,0.453125,0.15768787264823914,0.04681606963276863,0.23435913026332855,4,4,42,0.0625,0.0530109666287899,0.007379696238785982,18.75,23.0,10.0,4.0,0.8483831882476807,0.8648746013641357,0.5537781119346619,,,,,,,,-0.23435915634036064
27,27,0.65625,0.16634219884872437,0.28046539425849915,-0.11822740361094475,4,4,44,0.0625,0.029071995988488197,0.004169038496911526,9.75,19.0,5.0,4.0,0.8339638113975525,0.8431894183158875,0.5258522629737854,64034.6598072052,3.8475905656814575,2606058.3198394775,8917556.0,0.8426623344421387,0.9998686015605927,0.6444824784994125,0.05785810947418213
28,28,0.453125,0.11987210810184479,0.07644004374742508,0.25346846133470535,4,4,46,0.0625,0.0328337699174881,0.0035452418960630894,7.5,14.0,1.0,4.0,0.8007341623306274,0.8121466636657715,0.4645596444606781,,,,,,,,-0.2534684557467699
29,29,0.5,0.15249545872211456,0.10878578573465347,-0.14780238829553127,4,4,47,0.0625,0.03477579355239868,0.0045666503719985485,13.25,22.0,1.0,4.0,0.8079223036766052,0.8200193047523499,0.4721602201461792,,,,,,,,0.14780237339437008
30,30,0.59375,0.1425999104976654,0.11064579337835312,-0.10896406322717667,4,4,49,0.0625,0.03315136581659317,0.004054776858538389,12.0,23.0,2.0,4.0,0.796656608581543,0.8063017725944519,0.5153581500053406,,,,,,,,0.10896404273808002
31,31,0.328125,0.1443842202425003,0.13445161283016205,-0.11262413300573826,4,4,49,0.0625,0.027528611943125725,0.003968982491642237,14.75,28.0,5.0,4.0,0.7340307235717773,0.7412819862365723,0.47787490487098694,106.66782760620117,1.0000896453857422,604.1789588928223,44301.4375,0.8456562161445618,0.9991287887096405,0.9660899043083191,0.01192522474697658
32,32,0.4375,0.14260827004909515,0.3594352900981903,0.16164197213947773,4,4,52,0.0625,0.056839246302843094,0.007394073065370321,20.25,29.0,7.0,4.0,0.8010833263397217,0.8205175399780273,0.47860345244407654,,,,,,,,-0.16164196841418743
33,33,0.640625,0.1939224898815155,0.8078857660293579,0.02948947437107563,4,4,54,0.0625,0.05943760275840759,0.009977462701499462,14.0,30.0,6.0,4.0,0.8262379765510559,0.8426646590232849,0.5662979483604431,,,,,,,,-0.029489463195204735
