_step,split,n_rollouts,success_rate,reward_outcome_mean,response_valid_tokens_mean,entropy_scalar_mean,offpolicy_ratio_mean,exp_tokens_mean
1,onpolicy,64.0,0.328125,0.328125,5163.234375,0.13958583562634885,0.0,0.0
1,overall,64.0,0.328125,0.328125,5163.234375,0.13958583562634885,0.0,0.0
2,onpolicy,64.0,0.203125,0.203125,4428.25,0.18394588073715568,0.0,0.0
2,overall,64.0,0.203125,0.203125,4428.25,0.18394588073715568,0.0,0.0
3,onpolicy,64.0,0.359375,0.359375,5246.4375,0.15721573599148542,0.0,0.0
3,overall,64.0,0.359375,0.359375,5246.4375,0.15721573599148542,0.0,0.0
4,onpolicy,64.0,0.234375,0.234375,6219.578125,0.1305666551925242,0.0,0.0
4,overall,64.0,0.234375,0.234375,6219.578125,0.1305666551925242,0.0,0.0
5,onpolicy,64.0,0.265625,0.265625,4811.015625,0.18374250794295222,0.0,0.0
5,overall,64.0,0.265625,0.265625,4811.015625,0.18374250794295222,0.0,0.0
6,onpolicy,64.0,0.375,0.375,6158.59375,0.15443548694020137,0.0,0.0
6,overall,64.0,0.375,0.375,6158.59375,0.15443548694020137,0.0,0.0
7,onpolicy,64.0,0.34375,0.34375,6728.21875,0.13133066217415035,0.0,0.0
7,overall,64.0,0.34375,0.34375,6728.21875,0.13133066217415035,0.0,0.0
8,onpolicy,64.0,0.328125,0.328125,6772.765625,0.1447996310889721,0.0,0.0
8,overall,64.0,0.328125,0.328125,6772.765625,0.1447996310889721,0.0,0.0
9,onpolicy,64.0,0.28125,0.28125,5736.65625,0.1754173869267106,0.0,0.0
9,overall,64.0,0.28125,0.28125,5736.65625,0.1754173869267106,0.0,0.0
10,offpolicy,4.0,1.0,1.0,1915.75,0.17584656551480293,0.14162423228714105,277.5
10,onpolicy,60.0,0.3,0.3,6448.733333333334,0.16965755596756935,0.0,0.0
10,overall,64.0,0.34375,0.34375,6165.421875,0.17004436906427145,0.008851514517946316,17.34375
11,offpolicy,4.0,1.0,1.0,1967.5,0.15504265949130058,0.15678577945076252,300.0
11,onpolicy,60.0,0.5166666666666667,0.5166666666666667,4834.3,0.1926477774977684,0.0,0.0
11,overall,64.0,0.546875,0.546875,4655.125,0.19029745762236416,0.009799111215672658,18.75
12,offpolicy,4.0,1.0,1.0,2961.5,0.12972399778664112,0.14186090870125617,447.25
12,onpolicy,60.0,0.45,0.45,5750.95,0.16526509138445059,0.0,0.0
12,overall,64.0,0.484375,0.484375,5576.609375,0.1630437730345875,0.008866306793828509,27.953125
13,offpolicy,4.0,1.0,1.0,2198.5,0.20330916158854961,0.18402853789766474,412.5
13,onpolicy,60.0,0.43333333333333335,0.43333333333333335,4810.716666666666,0.21606612453858057,0.0,0.0
13,overall,64.0,0.46875,0.46875,4647.453125,0.21526881435420364,0.011501783618604046,25.78125
14,offpolicy,4.0,1.0,1.0,2697.25,0.16200273111462593,0.15392986244084517,374.5
14,onpolicy,60.0,0.43333333333333335,0.43333333333333335,5245.7,0.19245055119196575,0.0,0.0
14,overall,64.0,0.46875,0.46875,5086.421875,0.190547562437132,0.009620616402552823,23.40625
15,offpolicy,4.0,1.0,1.0,2060.25,0.1890415959060192,0.18208239908187285,338.0
15,onpolicy,60.0,0.4166666666666667,0.4166666666666667,5335.35,0.19126477017998694,0.0,0.0
15,overall,64.0,0.453125,0.453125,5130.65625,0.19112582178786397,0.011380149942617053,21.125
16,offpolicy,4.0,1.0,1.0,2989.25,0.15848927944898605,0.17579730992896436,490.5
16,onpolicy,60.0,0.7,0.7,4234.666666666667,0.2354206026842197,0.0,0.0
16,overall,64.0,0.71875,0.71875,4156.828125,0.23061239498201758,0.010987331870560273,30.65625
17,offpolicy,4.0,1.0,1.0,1331.75,0.24166929349303246,0.1985734742428632,205.0
17,onpolicy,60.0,0.55,0.55,4584.933333333333,0.2251062359660864,0.0,0.0
17,overall,64.0,0.578125,0.578125,4381.609375,0.22614142706152052,0.01241084214017895,12.8125
18,offpolicy,4.0,1.0,1.0,3223.0,0.1476403772830963,0.13247513860263616,381.5
18,onpolicy,60.0,0.3333333333333333,0.3333333333333333,6666.016666666666,0.16931425929069518,0.0,0.0
18,overall,64.0,0.375,0.375,6450.828125,0.16795964166522026,0.00827969616266476,23.84375
19,offpolicy,4.0,1.0,1.0,2320.0,0.1894519031047821,0.1528215054499929,383.5
19,onpolicy,60.0,0.7166666666666667,0.7166666666666667,3643.8,0.23200934790074826,0.0,0.0
19,overall,64.0,0.734375,0.734375,3561.0625,0.22934950760100037,0.009551344090624556,23.96875
20,offpolicy,4.0,1.0,1.0,3862.25,0.15782597474753857,0.1707999846015044,616.5
20,onpolicy,60.0,0.5333333333333333,0.5333333333333333,4397.616666666667,0.22047100563844044,0.0,0.0
20,overall,64.0,0.5625,0.5625,4364.15625,0.21655569120775908,0.010674999037594026,38.53125
21,offpolicy,4.0,1.0,1.0,2008.75,0.24161231517791748,0.20836751022143604,424.0
21,onpolicy,60.0,0.3333333333333333,0.3333333333333333,5165.966666666666,0.21909240608414013,0.0,0.0
21,overall,64.0,0.375,0.375,4968.640625,0.22049990040250123,0.013022969388839754,26.5
22,offpolicy,4.0,1.0,1.0,2848.75,0.21452592685818672,0.19947899834445643,493.75
22,onpolicy,60.0,0.5666666666666667,0.5666666666666667,3563.983333333333,0.24884928228954475,0.0,0.0
22,overall,64.0,0.59375,0.59375,3519.28125,0.24670407257508487,0.012467437396528527,30.859375
23,offpolicy,4.0,1.0,1.0,2786.0,0.2030184157192707,0.1939719274604933,505.0
23,onpolicy,60.0,0.5166666666666667,0.5166666666666667,4193.133333333333,0.2119068805128336,0.0,0.0
23,overall,64.0,0.546875,0.546875,4105.1875,0.21135135146323591,0.012123245466280831,31.5625
24,offpolicy,4.0,1.0,1.0,2892.5,0.2036973126232624,0.17014732941989547,430.0
24,onpolicy,60.0,0.2833333333333333,0.2833333333333333,5706.783333333334,0.18331734426319599,0.0,0.0
24,overall,64.0,0.328125,0.328125,5530.890625,0.18459109228570014,0.010634208088743467,26.875
25,offpolicy,4.0,1.0,1.0,2462.5,0.21771759912371635,0.19819757434131755,410.0
25,onpolicy,60.0,0.38333333333333336,0.38333333333333336,5726.716666666666,0.17900013619412977,0.0,0.0
25,overall,64.0,0.421875,0.421875,5522.703125,0.18141997762722895,0.012387348396332347,25.625
26,offpolicy,4.0,1.0,1.0,3585.75,0.19945274479687214,0.18805366733000511,649.0
26,onpolicy,60.0,0.4166666666666667,0.4166666666666667,5623.883333333333,0.1933093350380659,0.0,0.0
26,overall,64.0,0.453125,0.453125,5496.5,0.1936932981479913,0.01175335420812532,40.5625
27,offpolicy,4.0,1.0,1.0,1396.0,0.25307683274149895,0.18375941992059613,265.5
27,onpolicy,60.0,0.6333333333333333,0.6333333333333333,4152.516666666666,0.22868712631364663,0.0,0.0
27,overall,64.0,0.65625,0.65625,3980.234375,0.2302114829653874,0.011484963745037258,16.59375
28,offpolicy,4.0,1.0,1.0,2209.5,0.1807147804647684,0.17810394889975523,370.25
28,onpolicy,60.0,0.4166666666666667,0.4166666666666667,6815.083333333333,0.1574357321485877,0.0,0.0
28,overall,64.0,0.453125,0.453125,6527.234375,0.158890672668349,0.011131496806234702,23.140625
29,offpolicy,4.0,1.0,1.0,2573.5,0.18122785538434982,0.13863862105618177,355.0
29,onpolicy,60.0,0.4666666666666667,0.4666666666666667,5010.933333333333,0.19749576424558957,0.0,0.0
29,overall,64.0,0.5,0.5,4858.59375,0.1964790199417621,0.00866491381601136,22.1875
30,offpolicy,4.0,1.0,1.0,2125.0,0.20241957157850266,0.15586486774700262,312.75
30,onpolicy,60.0,0.5666666666666667,0.5666666666666667,5000.416666666667,0.18506818901126584,0.0,0.0
30,overall,64.0,0.59375,0.59375,4820.703125,0.18615265042171814,0.009741554234187664,19.546875
31,offpolicy,4.0,1.0,1.0,2790.75,0.16085477732121944,0.14718144360043892,378.25
31,onpolicy,60.0,0.2833333333333333,0.2833333333333333,6167.383333333333,0.16066482538978258,0.0,0.0
31,overall,64.0,0.328125,0.328125,5956.34375,0.1606766973854974,0.009198840225027432,23.640625
32,offpolicy,4.0,1.0,1.0,3850.75,0.1890769526362419,0.18247044569511034,659.25
32,onpolicy,60.0,0.4,0.4,5687.233333333334,0.17968288141613206,0.0,0.0
32,overall,64.0,0.4375,0.4375,5572.453125,0.18027001086738892,0.011404402855944396,41.203125
33,offpolicy,4.0,1.0,1.0,2471.5,0.23693813383579254,0.21731252907688126,562.25
33,onpolicy,60.0,0.6166666666666667,0.6166666666666667,3592.0333333333333,0.24093602088590463,0.0,0.0
33,overall,64.0,0.640625,0.640625,3522.0,0.24068615294527262,0.013582033067305078,35.140625
34,offpolicy,4.0,1.0,1.0,2371.25,0.21616441756486893,0.191455357509329,425.5
34,onpolicy,60.0,0.4166666666666667,0.4166666666666667,5950.866666666667,0.1698432267953952,0.0,0.0
34,overall,64.0,0.453125,0.453125,5727.140625,0.17273830121848732,0.011965959844333062,26.59375
