_step,training/global_step,critic/rewards/mean,actor/entropy_loss,actor/kl_loss,actor/pg_loss,exp_replay/num_experience_tasks,exp_replay/num_offpolicy_trajectories,exp_replay/total_tasks_in_pool,exp_replay/offpolicy_rollout_ratio,exp_replay/offpolicy_token_ratio_llm,exp_replay/offpolicy_token_ratio_response,exp_replay/offpolicy_age_mean,exp_replay/offpolicy_age_max,exp_replay/offpolicy_age_min,exp_replay/offpolicy_age_count,exp_replay/entropy_llm_mean,exp_replay/entropy_llm_onpolicy_mean,exp_replay/entropy_llm_offpolicy_mean,exp_replay_diag/importance_ratio/off/mean,exp_replay_diag/importance_ratio/off/p90,exp_replay_diag/importance_ratio/off/p99,exp_replay_diag/importance_ratio/off/max,exp_replay_diag/importance_ratio_shaped/off/mean,exp_replay_diag/importance_ratio_shaped/off/p99,exp_replay_diag/adv/off/mean,exp_replay_diag/adv/on/mean,diag/exp_token_ratio,diag/teacher_token_ratio,diag/llm_token_ratio_in_response,diag/teacher_llm_token_ratio,diag/teacher_sample_ratio,diag/offpolicy_sample_ratio,diag/adv_onpolicy_token_mean,diag/adv_onpolicy_sample_mean,diag/onpolicy_adv_pos_ratio,diag/reward_onpolicy_mean,diag/entropy_onpolicy_token_mean,diag/entropy_onpolicy_token_std,diag/adv_self_off_token_mean,diag/entropy_offpolicy_token_mean
1,1.0,0.328125,0.12285671383142471,0.002642155159264803,0.24068119376897812,0.0,0.0,4.0,0.0,0.0,0.0,,,,,0.6041512489318848,0.6041512489318848,0.0,,,,,,,,-0.24068120494484901,0.0,0.0,0.1435237675905227,0.0,0.0,0.0,-0.0376768596470356,-0.0050201541744172,0.328125,0.328125,0.1228567138314247,0.4109742343425751,,
2,2.0,0.203125,0.18285638093948364,0.003806662280112505,-0.17677617259323597,0.0,0.0,6.0,0.0,0.0,0.0,,,,,0.6769141554832458,0.6769141554832458,0.0,,,,,,,,0.17677619494497776,0.0,0.0,0.204112097620964,0.0,0.0,0.0,-0.0155341299250721,0.0042782663367688,0.203125,0.203125,0.1828563809394836,0.4985693991184234,,
3,3.0,0.359375,0.14431609213352203,0.007057224400341511,0.00244833342730999,0.0,0.0,10.0,0.0,0.0,0.0,,,,,0.6829276084899902,0.6829276084899902,0.0,,,,,,,,-0.002448340877890587,0.0,0.0,0.1535476446151733,0.0,0.0,0.0,-0.0279840882867574,6.509851664304733e-05,0.359375,0.359375,0.144316092133522,0.4500047266483307,,
4,4.0,0.234375,0.11974252760410309,0.007307847961783409,-0.02331351861357689,0.0,0.0,10.0,0.0,0.0,0.0,,,,,0.6296780705451965,0.6296780705451965,0.0,,,,,,,,0.023313522338867188,0.0,0.0,0.1369013637304306,0.0,0.0,0.0,-0.0269803777337074,-0.0046728486195206,0.234375,0.234375,0.119742527604103,0.4063162803649902,,
5,5.0,0.265625,0.18110640347003937,0.008967146277427673,0.3032837510108948,0.0,0.0,12.0,0.0,0.0,0.0,,,,,0.7474592328071594,0.7474592328071594,0.0,,,,,,,,-0.3032837547361851,0.0,0.0,0.1858560293912887,0.0,0.0,0.0,-0.0328615382313728,-0.0022192862816154,0.265625,0.265625,0.1811064034700393,0.5045406818389893,,
6,6.0,0.375,0.11763988435268402,0.010767733678221703,0.022097021341323853,0.0,0.0,13.0,0.0,0.0,0.0,,,,,0.6879104971885681,0.6879104971885681,0.0,,,,,,,,-0.022097021341323853,0.0,0.0,0.1270912140607834,0.0,0.0,0.0,-0.0098607167601585,-0.0014595041284337,0.125,0.375,0.1176398769021034,0.4099791049957275,,
7,7.0,0.34375,0.11449539661407471,0.006421749945729971,0.04501994699239731,0.0,0.0,16.0,0.0,0.0,0.0,,,,,0.6719763875007629,0.6719763875007629,0.0,,,,,,,,-0.0450199618935585,0.0,0.0,0.1218538507819175,0.0,0.0,0.0,-0.0251164771616458,-0.0002613605465739,0.21875,0.34375,0.1144953966140747,0.4047498106956482,,
8,8.0,0.328125,0.12430074065923691,0.010243724100291729,0.24306725710630417,0.0,0.0,18.0,0.0,0.0,0.0,,,,,0.6724539399147034,0.6724539399147034,0.0,,,,,,,,-0.24306725896894932,0.0,0.0,0.1337387561798095,0.0,0.0,0.0,-0.020187322050333,-0.0022451812401413,0.328125,0.328125,0.1243007257580757,0.4227637648582458,,
9,9.0,0.28125,0.14322014153003693,0.013675615191459656,0.18964943662285805,0.0,0.0,19.0,0.0,0.0,0.0,,,,,0.7387444972991943,0.7387444972991943,0.0,,,,,,,,-0.18964944407343864,0.0,0.0,0.1419980078935623,0.0,0.0,0.0,-0.0145030450075864,0.0006689771544188,0.15625,0.28125,0.1432201415300369,0.455189436674118,,
10,10.0,0.34375,0.14721547067165375,0.020571395754814148,-0.08656245656311512,4.0,4.0,19.0,0.0625,0.019765662029385567,0.002813067752867937,4.75,9.0,2.0,4.0,0.7853062748908997,0.7937021851539612,0.3689315617084503,,,,,,,,0.08656247146427631,0.0028130677528679,0.0,0.1423209607601165,0.0,0.0,0.0625,-0.0355279296636581,-0.0146664977073669,0.3000000119209289,0.3000000119209289,0.1465900242328643,0.4716319441795349,0.6838843822479248,0.3689315617084503
11,11.0,0.546875,0.1744852066040039,0.45107921957969666,0.0757274441421032,4.0,4.0,18.0,0.0625,0.023906763643026352,0.0040278187952935696,7.0,9.0,5.0,4.0,0.7679102420806885,0.7776916027069092,0.3685453534126282,2299183.2378407717,1.305986225605011,2504.0999641418457,698939072.0,0.8467346131801605,0.9984663724899292,0.27003028988838196,-0.11965686721461159,0.0040278187952935,0.0,0.1684803068637848,0.0,0.0,0.0625,-0.0274503864347934,-0.0055078733712434,0.2833333313465118,0.5166666507720947,0.1737004071474075,0.5123084187507629,0.3105947077274322,0.3685453534126282
12,12.0,0.484375,0.14898811280727386,0.07603847235441208,-0.17541202530264854,4.0,4.0,20.0,0.0625,0.035269301384687424,0.005012566223740578,6.5,11.0,1.0,4.0,0.7872071266174316,0.8020272254943848,0.38182950019836426,2303.6234220663705,1.0007586479187012,1763.1346995035808,729353.75,0.852449099222819,0.9981332818667094,0.7414592107137045,0.07024367956014779,0.0050125662237405,0.0,0.1421226561069488,0.0,0.0,0.0625,-0.0464119873940944,-0.0106550669297575,0.449999988079071,0.449999988079071,0.1478151082992553,0.4757637083530426,0.562584638595581,0.3818294405937195
13,13.0,0.46875,0.18336379528045654,0.2634195387363434,-0.13979511708021164,4.0,4.0,21.0,0.0625,0.03174908459186554,0.00554739311337471,7.25,10.0,4.0,4.0,0.7929893732070923,0.8032841086387634,0.4790289103984833,,,,,,,,0.13979511708021164,0.0055473931133747,0.0,0.1747260838747024,0.0,0.0,0.0625,-0.0455456003546714,-0.0097285723313689,0.4333333373069763,0.4333333373069763,0.1817144900560379,0.5241050124168396,1.2215601205825806,0.4790288805961609
14,14.0,0.46875,0.15792973339557648,0.31536105275154114,-0.048672886565327644,4.0,4.0,23.0,0.0625,0.03095872886478901,0.004601712338626385,4.25,12.0,1.0,4.0,0.7776769399642944,0.7878984212875366,0.45773544907569885,718.9472351074219,2.2198097109794617,932.6534881591797,209210.203125,0.851780891418457,0.9997870028018951,0.7377365827560425,-0.034005707928112576,0.0046017123386263,0.0,0.1486402153968811,0.0,0.0,0.0625,-0.0495609119534492,-0.0137192150577902,0.4333333373069763,0.4333333373069763,0.1565437465906143,0.4884869754314422,1.071528673171997,0.4577354490756988
15,15.0,0.453125,0.15750180184841156,0.34137624502182007,0.04082608036696911,4.0,4.0,24.0,0.0625,0.027185168117284775,0.004117406904697418,7.5,12.0,2.0,4.0,0.7793815732002258,0.7888675332069397,0.4399277865886688,93519.6875,1.0043823719024658,25371.111328125,13749748.0,0.848471462726593,0.9999735355377197,0.9354126453399658,-0.09645922780036927,0.0041174069046974,0.0,0.1514578461647033,0.0,0.0,0.0625,-0.048799455165863,-0.0089337909594178,0.4166666567325592,0.4166666567325592,0.1563341170549392,0.4881616234779358,0.750992476940155,0.4399277865886688
16,16.0,0.71875,0.153652623295784,0.08715544641017914,0.0939703918993473,4.0,4.0,25.0,0.0625,0.05160034820437431,0.007374913897365332,6.75,13.0,1.0,4.0,0.7719417214393616,0.792979896068573,0.385267436504364,175.1364278793335,2.091973602771759,1232.8409447669983,67800.3671875,0.8598107695579529,0.9967381060123444,0.780582383275032,-0.20356316651616777,0.0073749138973653,0.0,0.1429237276315689,0.0,0.0,0.0625,-0.0507427379488945,-0.0054413718171417,0.4333333373069763,0.699999988079071,0.1519317924976349,0.4869985580444336,0.7206948399543762,0.3852674067020416
17,17.0,0.578125,0.17360782623291016,0.4030962884426117,-0.12741776183247566,4.0,4.0,27.0,0.0625,0.01855245605111122,0.0029241538140922785,7.25,16.0,1.0,4.0,0.8296980261802673,0.8376770615577698,0.4075973927974701,14282987.640625,2.375077247619629,3571467.4926757812,7912517120.0,0.8617180287837982,0.9999955892562866,0.780582383275032,0.049260152237755914,0.0029241538140922,0.0,0.157615453004837,0.0,0.0,0.0625,-0.0488446354866027,0.0009989440441131,0.550000011920929,0.550000011920929,0.172921597957611,0.5210968852043152,0.7310130000114441,0.4075974225997925
18,18.0,0.375,0.14111770689487457,0.14345332980155945,0.15592548809945583,4.0,4.0,29.0,0.0625,0.027522273361682892,0.0036962309386581182,10.25,17.0,4.0,4.0,0.7974732518196106,0.806800365447998,0.4679092764854431,369.6080017089844,1.0722092390060425,37.03981399536133,141006.828125,0.8409004211425781,0.9972524046897888,0.5400605201721191,-0.19659632841746014,0.0036962309386581,0.0,0.1342996209859848,0.0,0.0,0.0625,-0.0375071503221988,-0.012189794331789,0.3333333432674408,0.3333333432674408,0.1399053335189819,0.4691027104854584,1.175778031349182,0.4679092764854431
19,19.0,0.734375,0.20549330115318298,0.09336975961923599,-0.004795311018824577,4.0,4.0,32.0,0.0625,0.036660850048065186,0.006730786059051752,9.75,14.0,6.0,4.0,0.8215989470481873,0.8338469862937927,0.4997563660144806,,,,,,,,0.00479532778263092,0.0067307860590517,0.0,0.1835960149765014,0.0,0.0,0.0625,-0.0618665665388107,-0.0052540996111929,0.5833333134651184,0.7166666388511658,0.2034992575645446,0.5621641278266907,0.609762966632843,0.4997564256191253
20,20.0,0.5625,0.18387767672538757,0.13144828379154205,-0.17905920185148716,4.0,4.0,34.0,0.0625,0.05508891120553017,0.008829026482999325,10.25,17.0,3.0,4.0,0.8260198831558228,0.8453269600868225,0.4948543906211853,181.0413055419922,1.7813665866851807,277.26947021484375,64757.78515625,0.8661729097366333,0.9996143579483032,0.7245674133300781,0.14915644923845928,0.0088290264829993,0.0,0.1602686643600464,0.0,0.0,0.0625,-0.0448028296232223,-0.0117703014984726,0.4000000059604645,0.5333333611488342,0.1811075955629348,0.5346179604530334,1.0923223495483398,0.4948543906211853
21,21.0,0.375,0.18385587632656097,0.06524637341499329,-0.2255860660225153,4.0,4.0,34.0,0.0625,0.0349452942609787,0.005333450622856617,3.75,10.0,1.0,4.0,0.8927268385887146,0.9053732752799988,0.5434815287590027,,,,,,,,0.2255860697478056,0.0053334506228566,0.0,0.1526228636503219,0.0,0.0,0.0625,-0.0362128689885139,-0.0073247598484158,0.3333333432674408,0.3333333432674408,0.1819275319576263,0.5464481711387634,0.8436357975006104,0.5434815287590027
22,22.0,0.59375,0.2112034410238266,0.22490733861923218,0.1464350763708353,4.0,4.0,37.0,0.0625,0.04625726118683815,0.00876865815371275,8.0,20.0,3.0,4.0,0.8250152468681335,0.8395775556564331,0.5247668027877808,32237.169921875,1.151123046875,3601.852294921875,11749079.0,0.8567966222763062,0.9999690651893616,0.9354125261306763,-0.20962796012560528,0.0087686581537127,0.0,0.1895628571510315,0.0,0.0,0.0625,-0.0544694662094116,-0.0065374504774808,0.4333333373069763,0.5666666626930237,0.208429604768753,0.5729599595069885,0.8214877247810364,0.524766743183136
23,23.0,0.546875,0.18596874177455902,0.11341515183448792,0.009612957015633583,4.0,4.0,38.0,0.0625,0.04505107179284096,0.007688443176448345,8.5,21.0,1.0,4.0,0.8083882331848145,0.8214382529258728,0.5317676067352295,26210.6669921875,1.1015639901161194,1929.0229568481445,15886470.0,0.8395441472530365,0.9996891617774963,0.9660898745059967,-0.12626871466636658,0.0076884431764483,0.0,0.170660600066185,0.0,0.0,0.0625,-0.0344877541065216,-0.0137947602197527,0.3833333253860473,0.5166666507720947,0.1832894682884216,0.5390498638153076,0.8873687386512756,0.5317676663398743
24,24.0,0.328125,0.1653653383255005,0.2300267517566681,0.08618483319878578,4.0,4.0,39.0,0.0625,0.034471701830625534,0.004859072621911764,12.75,17.0,7.0,4.0,0.8429009914398193,0.8561257719993591,0.47248148918151855,68151.578125,3.2344226837158203,28347.755859375,18490914.0,0.8376322984695435,0.9999719262123108,0.935412585735321,-0.14416593710581463,0.0048590726219117,0.0,0.1409583091735839,0.0,0.0,0.0625,-0.0351815558969974,-0.0090006990358233,0.2833333313465118,0.2833333313465118,0.1638657599687576,0.5125038623809814,1.1618554592132568,0.4724815189838409
25,25.0,0.421875,0.1425953507423401,0.08962211012840271,0.0802312083542347,4.0,4.0,39.0,0.0625,0.03578910604119301,0.00463993800804019,13.0,23.0,3.0,4.0,0.794131338596344,0.8041028380393982,0.5254846215248108,156627.92400360107,1.6379653215408325,3222.7919006347656,93296712.0,0.8566952347755432,0.9997945725917816,1.0715125501155853,-0.22302354659352983,0.0046399380080401,0.0,0.1296466588973999,0.0,0.0,0.0625,-0.025632370263338,-0.0105444053187966,0.2666666805744171,0.3833333253860473,0.140810489654541,0.4781724214553833,1.0514472723007202,0.5254846215248108
26,26.0,0.453125,0.15768787264823914,0.04681606963276863,0.23435913026332855,4.0,4.0,42.0,0.0625,0.0530109666287899,0.007379696238785982,18.75,23.0,10.0,4.0,0.8483831882476807,0.8648746013641357,0.5537781119346619,,,,,,,,-0.23435915634036064,0.0073796962387859,0.0,0.1392107456922531,0.0,0.0,0.0625,-0.0309733301401138,-0.0074903825297951,0.4166666567325592,0.4166666567325592,0.1547431498765945,0.504654049873352,0.9960734248161316,0.5537781119346619
27,27.0,0.65625,0.16634219884872437,0.28046539425849915,-0.11822740361094475,4.0,4.0,44.0,0.0625,0.029071995988488197,0.004169038496911526,9.75,19.0,5.0,4.0,0.8339638113975525,0.8431894183158875,0.5258522629737854,64034.6598072052,3.8475905656814575,2606058.3198394775,8917556.0,0.8426623344421387,0.9998686015605927,0.6444824784994125,0.05785810947418213,0.0041690384969115,0.0,0.1434039324522018,0.0,0.0,0.0625,-0.0550334118306636,-0.0013403982156887,0.5166666507720947,0.6333333253860474,0.1648371219635009,0.5206273794174194,0.3409229218959808,0.5258522629737854
28,28.0,0.453125,0.11987210810184479,0.07644004374742508,0.25346846133470535,4.0,4.0,46.0,0.0625,0.0328337699174881,0.0035452418960630894,7.5,14.0,1.0,4.0,0.8007341623306274,0.8121466636657715,0.4645596444606781,,,,,,,,-0.2534684557467699,0.003545241896063,0.0,0.1079754754900932,0.0,0.0,0.0625,-0.0331296063959598,-0.0115743735805153,0.4166666567325592,0.4166666567325592,0.1186457723379135,0.4371998310089111,1.0254650115966797,0.4645596444606781
29,29.0,0.5,0.15249545872211456,0.10878578573465347,-0.14780238829553127,4.0,4.0,47.0,0.0625,0.03477579355239868,0.0045666503719985485,13.25,22.0,1.0,4.0,0.8079223036766052,0.8200193047523499,0.4721602201461792,,,,,,,,0.14780237339437008,0.0045666503719985,0.0,0.1313169300556183,0.0,0.0,0.0625,-0.0364555791020393,-0.0071832975372672,0.3333333432674408,0.4666666686534881,0.151028960943222,0.4914771616458893,0.8790056109428406,0.4721602201461792
30,30.0,0.59375,0.1425999104976654,0.11064579337835312,-0.10896406322717667,4.0,4.0,49.0,0.0625,0.03315136581659317,0.004054776858538389,12.0,23.0,2.0,4.0,0.796656608581543,0.8063017725944519,0.5153581500053406,,,,,,,,0.10896404273808002,0.0040547768585383,0.0,0.122310996055603,0.0,0.0,0.0625,-0.0367395542562007,-0.011269967071712,0.4333333373069763,0.5666666626930237,0.1410822868347168,0.478307157754898,1.0743755102157593,0.5153582096099854
31,31.0,0.328125,0.1443842202425003,0.13445161283016205,-0.11262413300573826,4.0,4.0,49.0,0.0625,0.027528611943125725,0.003968982491642237,14.75,28.0,5.0,4.0,0.7340307235717773,0.7412819862365723,0.47787490487098694,106.66782760620117,1.0000896453857422,604.1789588928223,44301.4375,0.8456562161445618,0.9991287887096405,0.9660899043083191,0.01192522474697658,0.0039689824916422,0.0,0.1441766321659088,0.0,0.0,0.0625,-0.02874206751585,-0.0074538150802254,0.2833333313465118,0.2833333313465118,0.1430553346872329,0.4782682657241821,0.8385878801345825,0.4778749346733093
32,32.0,0.4375,0.14260827004909515,0.3594352900981903,0.16164197213947773,4.0,4.0,52.0,0.0625,0.056839246302843094,0.007394073065370321,20.25,29.0,7.0,4.0,0.8010833263397217,0.8205175399780273,0.47860345244407654,,,,,,,,-0.16164196841418743,0.0073940730653703,0.0,0.1300874501466751,0.0,0.0,0.0625,-0.0414289720356464,-0.0165857337415218,0.4000000059604645,0.4000000059604645,0.1401054114103317,0.4749326109886169,1.44123375415802,0.4786034524440765
33,33.0,0.640625,0.1939224898815155,0.8078857660293579,0.02948947437107563,4.0,4.0,54.0,0.0625,0.05943760275840759,0.009977462701499462,14.0,30.0,6.0,4.0,0.8262379765510559,0.8426646590232849,0.5662979483604431,,,,,,,,-0.029489463195204735,0.0099774627014994,0.0,0.1678645014762878,0.0,0.0,0.0625,-0.0566533841192722,-0.0108148213475942,0.4833333194255829,0.6166666746139526,0.1901696920394897,0.5485734343528748,0.9484663605690002,0.5662980079650879
34,,,,,,,,,,,,,,,,,,,,,,,,,,,0.0046434602700173,0.0,0.1256517022848129,0.0,0.0,0.0625,-0.0307192485779523,-0.0103116966784,0.3000000119209289,0.4166666567325592,0.1352613270282745,0.4646066427230835,0.9597266912460328,0.5746902227401733
