diag/exp_token_ratio,diag/llm_token_ratio_in_response,diag/teacher_llm_token_ratio,diag/teacher_sample_ratio,diag/offpolicy_sample_ratio,diag/adv_teacher_sample_mean,diag/adv_onpolicy_sample_mean,diag/teacher_adv_pos_ratio,diag/group_teacher_minus_on_reward_std,diag/group_gap_count,diag/entropy_offpolicy_token_mean,diag/entropy_onpolicy_token_std,_step,critic/rewards_onpolicy/mean,critic/rewards/mean,actor/entropy_loss,actor/kl_loss,actor/pg_loss,diag/teacher_loss_scale,diag/teacher_gap_used,diag/teacher_loss_scale_min,diag/teacher_loss_scale_max,diag/teacher_gap_used_p90,diag/teacher_gap_used_max,diag/teacher_gate_level,diag/teacher_token_ratio,diag/adv_teacher_token_mean,diag/adv_onpolicy_token_mean,diag/onpolicy_adv_pos_ratio,diag/reward_onpolicy_mean,diag/reward_teacher_mean,diag/group_teacher_minus_on_reward_mean,diag/group_non_teacher_reward_mean,diag/group_all_reward_mean,diag/entropy_teacher_token_mean,diag/entropy_onpolicy_token_mean,label
0.00670078257098794,0.14667682349681854,0.04568398743867874,0.125,0.125,0.12254374474287033,-0.0008353388984687626,1.0,0.23690177073967142,8.0,0.27703943848609924,0.41693323850631714,1,0.3571428656578064,0.4375,0.12540778517723083,0.0026343679055571556,-0.05641515552997589,0.6845237935582797,0.6428571343421936,0.0,1.0,1.0,1.0,1.0,0.00670078257098794,0.9566803574562073,-0.02605200558900833,0.3571428656578064,0.3571428656578064,1.0,0.6428571428571428,0.3571428571428571,0.4375,0.27703943848609924,0.12438490241765976,Exp-3 v3 (7.1 + 7.2 per-group gate)
0.013173814862966537,0.19449752569198608,0.0677325576543808,0.125,0.125,0.2351858913898468,0.0017650692025199533,1.0,0.17127969726116857,8.0,0.32308802008628845,0.48281562328338623,2,0.25,0.34375,0.1716737449169159,0.009357227943837643,-0.14557038620114326,0.7261904608458281,0.6535714199766517,0.0,1.0,0.9757142846286296,0.9857142850756645,1.0,0.013173814862966537,1.3639390468597412,-0.030822675675153732,0.25,0.25,1.0,0.75,0.25,0.34375,0.32308802008628845,0.16965241730213165,Exp-3 v3 (7.1 + 7.2 per-group gate)
0.012623741291463375,0.160622239112854,0.07859273254871368,0.125,0.125,0.13488167524337769,-0.0022269173059612513,1.0,0.24679062430509383,8.0,0.3696322441101074,0.4544568359851837,3,0.2321428507566452,0.328125,0.14692054688930511,0.0034840127918869257,0.08443531952798367,0.7821428361038367,0.6649999914132059,0.19523804734150552,1.0,0.9347142827957868,0.9457142832875252,1.0,0.012623741291463375,0.9381251335144043,-0.016140466555953026,0.2321428507566452,0.2321428507566452,1.0,0.7678571428571429,0.23214285714285712,0.328125,0.3696322441101074,0.14407315850257874,Exp-3 v3 (7.1 + 7.2 per-group gate)
0.008944757282733917,0.1379220187664032,0.0648537278175354,0.125,0.125,0.18114706873893738,-0.0020217890851199627,1.0,0.15046696023529216,8.0,0.2895348072052002,0.40201234817504883,4,0.2678571343421936,0.359375,0.11976126581430435,0.002792815677821636,-0.07419954426586628,0.8054166451593241,0.6717142769750207,0.29714280977845176,1.0,0.9269571395918726,0.9368571400344371,1.0,0.008944757282733917,1.5463621616363525,-0.03465532884001732,0.2678571343421936,0.2678571343421936,1.0,0.7321428571428572,0.26785714285714285,0.359375,0.2895348072052002,0.1182289719581604,Exp-3 v3 (7.1 + 7.2 per-group gate)
0.010073195211589336,0.17300857603549957,0.05822367966175079,0.125,0.125,0.16228091716766357,0.0005923035787418485,1.0,0.25505101530510177,8.0,0.3415340185165405,0.47864463925361633,5,0.25,0.34375,0.16477294266223907,0.0250034611672163,-0.10870110802352428,0.8144583102514347,0.6795428481599316,0.43647614571948845,1.0,0.9342614256326853,0.9431714260309934,1.0,0.010073195211589336,1.15211820602417,-0.017357904464006424,0.25,0.25,1.0,0.75,0.25,0.34375,0.3415340185165405,0.1629742532968521,Exp-3 v3 (7.1 + 7.2 per-group gate)
0.004146509803831577,0.1312541961669922,0.031591448932886124,0.109375,0.109375,0.10952389240264893,-0.004884243011474609,0.8571428656578064,0.3796137803620056,7.0,0.2577141523361206,0.41111189126968384,6,0.3333333432674408,0.40625,0.118907630443573,0.010330652818083763,-0.06554349698126316,0.8362012542043109,0.672813052554454,0.5618761480664214,1.0,0.8954175677964538,0.9373985686300694,1.0,0.004146509803831577,1.1363431215286255,-0.020293036475777626,0.21052631735801697,0.3333333432674408,1.0,0.6122448979591837,0.38775510204081637,0.4642857142857143,0.2577141523361206,0.11832967400550842,Exp-3 v3 (7.1 + 7.2 per-group gate)
0.004881241358816624,0.11666311323642731,0.04184048995375633,0.125,0.125,0.11051871627569199,0.0017710661049932241,0.875,0.30670650066638694,8.0,0.25766074657440186,0.3826221823692322,7,0.2678571343421936,0.359375,0.10495804250240326,0.00791564118117094,-0.14924206212162971,0.90139785666402,0.6787460325609377,0.6567142642140389,1.0,0.8230186680319413,0.9008015684841721,1.0,0.004881241358816624,1.269025206565857,-0.011045604944229126,0.1428571492433548,0.2678571343421936,1.0,0.7321428571428572,0.26785714285714285,0.359375,0.25766074657440186,0.10420900583267212,Exp-3 v3 (7.1 + 7.2 per-group gate)
0.007057194598019123,0.1312084197998047,0.05378613620996475,0.125,0.125,0.1317131370306015,-0.0020913344342261553,1.0,0.21943224513293766,8.0,0.24599821865558624,0.4169531762599945,8,0.3035714328289032,0.390625,0.12062093615531921,0.015373502857983112,-0.1507696397602558,0.9009928876432192,0.680514285835689,0.5696142606874307,1.0,0.8064310864534232,0.8964356967114194,1.0,0.007057194598019123,1.3819106817245483,-0.030776051804423332,0.3035714328289032,0.3035714328289032,1.0,0.6964285714285714,0.3035714285714286,0.390625,0.24599821865558624,0.11972984671592712,Exp-3 v3 (7.1 + 7.2 per-group gate)
0.00947598833590746,0.1421336978673935,0.0666695386171341,0.125,0.125,0.11808998882770538,-3.975629806518555e-05,0.875,0.3499271061118826,8.0,0.2898373305797577,0.4470316469669342,9,0.3571428656578064,0.4375,0.13875709474086761,0.038967642933130264,-0.07808060944080353,0.8799412170395425,0.676748570872604,0.6340814017897844,1.0,0.8172165488534796,0.8782206971916064,1.0,0.00947598833590746,1.120181918144226,-0.024118022993206978,0.2321428507566452,0.3571428656578064,1.0,0.6428571428571429,0.35714285714285715,0.4375,0.2898373305797577,0.13731175661087036,Exp-3 v3 (7.1 + 7.2 per-group gate)
0.006820440758019686,0.1383616179227829,0.04929431155323982,0.125,0.125,0.12901009619235992,0.00044768888619728386,0.875,0.34809979802889157,8.0,0.35435834527015686,0.4497910439968109,10,0.4642857015132904,0.53125,0.13644318282604218,0.049465812742710114,0.11138429865241051,0.8788518546681259,0.6626451413988403,0.5492446845056017,1.0,0.7822930996434956,0.8046843409066652,1.0,0.006820440758019686,1.300488829612732,-0.03612855449318886,0.3392857015132904,0.4642857015132904,1.0,0.5357142857142858,0.4642857142857143,0.53125,0.35435834527015686,0.13494670391082764,Exp-3 v3 (7.1 + 7.2 per-group gate)
0.010461660102009773,0.17096808552742004,0.06119072064757347,0.125,0.125,0.20628787577152252,-0.0022384317126125097,1.0,0.1587177574520641,8.0,0.3891904652118683,0.4942935109138489,11,0.2321428507566452,0.328125,0.1668410748243332,0.16923625767230988,-0.17032067105174065,0.9135857152238079,0.6731663405069112,0.6633678329739231,1.0,0.7754923598304752,0.7956444769673277,1.0,0.010461660102009773,1.273688793182373,-0.025686653330922127,0.2321428507566452,0.2321428507566452,1.0,0.7678571428571429,0.23214285714285712,0.328125,0.3891904652118683,0.16449032723903656,Exp-3 v3 (7.1 + 7.2 per-group gate)
0.008883724920451641,0.14006997644901276,0.06342347711324692,0.125,0.125,0.09729491174221039,-0.004029572941362858,1.0,0.28959419178976525,8.0,0.34054550528526306,0.45349323749542236,12,0.3035714328289032,0.390625,0.13963614404201508,0.04309346154332161,-0.1214455459266901,0.9401198885412912,0.6754925628008006,0.7856906860825701,1.0,0.7579431220592884,0.8160800292705949,1.0,0.008883724920451641,0.9262350797653198,-0.018374048173427582,0.3035714328289032,0.3035714328289032,1.0,0.6964285714285714,0.30357142857142855,0.390625,0.34054550528526306,0.1378353238105774,Exp-3 v3 (7.1 + 7.2 per-group gate)
0.008001168258488178,0.13898304104804993,0.057569388300180435,0.125,0.125,0.10536214709281921,-0.0030505347531288862,1.0,0.2834733547569204,8.0,0.31933435797691345,0.45724037289619446,13,0.4642857015132904,0.53125,0.1407676488161087,0.23970980942249298,0.008174201473593712,0.9163827573876827,0.6615147339479529,0.7108993676036739,1.0,0.7543634664016093,0.8344720263435353,1.0,0.008001168258488178,0.9903239011764526,-0.04031097888946533,0.4642857015132904,0.4642857015132904,1.0,0.5357142857142857,0.4642857142857143,0.53125,0.31933435797691345,0.13932737708091736,Exp-3 v3 (7.1 + 7.2 per-group gate)
0.006585836876183748,0.14111079275608063,0.046671390533447266,0.125,0.125,0.12131500244140625,0.0010567338904365897,1.0,0.3331206804674577,8.0,0.30289098620414734,0.4660312533378601,14,0.3214285671710968,0.40625,0.1455010026693344,0.03432878106832504,-0.24308873526751995,0.9509904738310915,0.6632204029047254,0.8088570477621881,1.0,0.7168457678574972,0.8367391087848463,1.0,0.006585836876183748,1.1747475862503052,-0.021406296640634537,0.3214285671710968,0.3214285671710968,1.0,0.6785714285714286,0.3214285714285714,0.40625,0.30289098620414734,0.14445760846138,Exp-3 v3 (7.1 + 7.2 per-group gate)
0.007134367246180773,0.13582618534564972,0.05252571403980255,0.125,0.125,0.06586858630180359,-0.00040877185529097915,0.75,0.4087686836521285,8.0,0.2832781970500946,0.4679322838783264,15,0.3214285671710968,0.40625,0.14566920697689056,0.04051150381565094,-0.011734019964933395,0.9503042911490217,0.6647555051520851,0.7345896765605006,1.0,0.7131772642192911,0.7530651979063616,1.0,0.007134367246180773,0.7429630756378174,-0.008491342887282372,0.0714285746216774,0.3214285671710968,1.0,0.6785714285714286,0.3214285714285714,0.40625,0.2832781970500946,0.14468039572238922,Exp-3 v3 (7.1 + 7.2 per-group gate)
0.006839514244347811,0.13409242033958435,0.05100597068667412,0.125,0.125,0.10377336293458939,0.00015047092165332288,0.875,0.3174355149041282,8.0,0.3200688660144806,0.46508127450942993,16,0.5357142686843872,0.59375,0.1415298879146576,0.08455555140972137,-0.3399554044008255,0.9154780863290874,0.6447085251607347,0.592083087018515,1.0,0.702764177844423,0.7206158184183835,1.0,0.006839514244347811,1.1919264793395996,-0.03126935660839081,0.4107142984867096,0.5357142686843872,1.0,0.4642857142857143,0.5357142857142857,0.59375,0.3200688660144806,0.14030036330223083,Exp-3 v3 (7.1 + 7.2 per-group gate)
0.011157880537211895,0.1554414927959442,0.07178186625242233,0.125,0.125,0.10009658336639404,-0.0018144294153898954,1.0,0.30929478706587094,8.0,0.3907134532928467,0.49833446741104126,17,0.4642857015132904,0.53125,0.16509893536567688,0.08158829808235168,0.0021480005234479904,0.9270366116959259,0.633809099885629,0.7495414449833301,1.0,0.6710591863323729,0.6771256634449839,1.0,0.011157880537211895,0.8255097270011902,-0.03217719867825508,0.4642857015132904,0.4642857015132904,1.0,0.5357142857142857,0.46428571428571425,0.53125,0.3907134532928467,0.16255314648151398,Exp-3 v3 (7.1 + 7.2 per-group gate)
0.005174451973289251,0.11989470571279526,0.04315830022096634,0.109375,0.109375,0.13281604647636414,0.0029222096782177687,1.0,0.21404262207554117,7.0,0.35133227705955505,0.4291786849498749,18,0.35087719559669495,0.421875,0.12239919602870941,0.03989550471305847,0.06086915731430054,0.9192503862698377,0.6336934951414109,0.7483968228753624,1.0,0.6739532675075492,0.69512738217615,1.0,0.005174451973289251,1.111865758895874,-0.031024448573589325,0.35087719559669495,0.35087719559669495,1.0,0.6326530612244898,0.36734693877551017,0.44642857142857145,0.35133227705955505,0.12120842933654785,Exp-3 v3 (7.1 + 7.2 per-group gate)
0.010559753514826298,0.18120257556438446,0.05827595666050911,0.125,0.125,0.08812054991722107,-0.0033668777905404568,0.75,0.38423990698839305,8.0,0.29017457365989685,0.5565188527107239,19,0.5178571343421936,0.578125,0.19857238233089447,0.06412645429372787,-0.07194260135293007,0.8656429335303413,0.6185384307029343,0.5568904739211596,1.0,0.6843323218154548,0.6880069044750114,1.0,0.010559753514826298,0.7741445302963257,-0.02751239575445652,0.2678571343421936,0.5178571343421936,1.0,0.48214285714285715,0.5178571428571429,0.578125,0.29017457365989685,0.1975947618484497,Exp-3 v3 (7.1 + 7.2 per-group gate)
0.006018585059791803,0.1309269368648529,0.04596903547644615,0.125,0.125,0.1079193651676178,-0.0009817044483497739,0.875,0.30304576336566325,8.0,0.3101012706756592,0.4652137756347656,20,0.4285714328289032,0.5,0.14469952881336212,0.1518123298883438,0.007460674270987511,0.8372667932922384,0.6138274439772216,0.384534759862377,1.0,0.693503159630311,0.7001960356837448,1.0,0.006018585059791803,1.1077022552490234,-0.03160393610596657,0.3035714328289032,0.4285714328289032,1.0,0.5714285714285715,0.42857142857142855,0.5,0.3101012706756592,0.14369799196720123,Exp-3 v3 (7.1 + 7.2 per-group gate)
0.006179168354719877,0.13318383693695068,0.046395786106586456,0.125,0.125,0.15793803334236145,-0.0031841706950217485,1.0,0.2672612419124244,8.0,0.39669907093048096,0.48211127519607544,21,0.2857142984867096,0.375,0.14817695319652557,0.10577144473791122,0.14472928270697594,0.8553776219092412,0.623873269917093,0.515128900795021,1.0,0.717594893762011,0.7215713057609554,1.0,0.006179168354719877,1.3741329908370972,-0.021453091874718666,0.2857142984867096,0.2857142984867096,1.0,0.7142857142857143,0.2857142857142857,0.375,0.39669907093048096,0.14663173258304596,Exp-3 v3 (7.1 + 7.2 per-group gate)
0.0076662651263177395,0.13939592242240906,0.05499633401632309,0.109375,0.109375,0.10820114612579346,0.001825676066800952,0.8571428656578064,0.3616335744218235,7.0,0.3966045677661896,0.4769110679626465,22,0.35087719559669495,0.421875,0.15037746727466583,0.1180579736828804,-0.21278183907270432,0.824559246054261,0.6206696159158056,0.4868288412706473,1.0,0.7178804159729582,0.7443016454719313,1.0,0.0076662651263177395,0.8732881546020508,-0.015279498882591724,0.22807016968727112,0.35087719559669495,1.0,0.5918367346938777,0.4081632653061224,0.48214285714285715,0.3966045677661896,0.14847524464130402,Exp-3 v3 (7.1 + 7.2 per-group gate)
0.005808461923152208,0.11910875141620636,0.048766035586595535,0.125,0.125,0.0737522542476654,-0.0011756278108805418,0.875,0.2714050741709047,8.0,0.3014233708381653,0.4501795470714569,23,0.4464285671710968,0.515625,0.13157206773757935,0.1494632214307785,-0.1496972292661667,0.8138295105058673,0.6139597961169992,0.511955479533948,1.0,0.7175209445269913,0.7413000510760672,1.0,0.005808461923152208,0.9200035333633423,-0.01913771592080593,0.3214285671710968,0.4464285671710968,1.0,0.5535714285714286,0.4464285714285714,0.515625,0.3014233708381653,0.13057973980903625,Exp-3 v3 (7.1 + 7.2 per-group gate)
0.009394636377692223,0.15398293733596802,0.06101088970899582,0.125,0.125,0.11516870558261871,-0.0008592499070800841,1.0,0.1855768722395226,8.0,0.3832080066204071,0.5278793573379517,24,0.4642857015132904,0.53125,0.17856119573116302,0.19713518023490906,-0.20872311294078827,0.8041727472705493,0.6061352439325316,0.5345694539709186,1.0,0.6943402778368005,0.6957414728368992,1.0,0.009394636377692223,1.0722829103469849,-0.04222453385591507,0.4642857015132904,0.4642857015132904,1.0,0.5357142857142857,0.4642857142857143,0.53125,0.3832080066204071,0.17662037909030914,Exp-3 v3 (7.1 + 7.2 per-group gate)
0.00680625019595027,0.12733200192451477,0.053452786058187485,0.109375,0.109375,0.10151046514511108,-0.0006298603257164359,1.0,0.22725568827877643,7.0,0.32394012808799744,0.46945446729660034,25,0.3333333432674408,0.40625,0.1428256630897522,0.2637200951576233,-0.021222591400146484,0.8158898239788589,0.6087870247836233,0.4596839314686224,1.0,0.6906205352777965,0.7118816106288738,1.0,0.00680625019595027,0.9626110792160034,-0.031359896063804626,0.3333333432674408,0.3333333432674408,1.0,0.6326530612244897,0.3673469387755101,0.44642857142857145,0.32394012808799744,0.14158450067043304,Exp-3 v3 (7.1 + 7.2 per-group gate)
0.008127860724925995,0.13631922006607056,0.059623733162879944,0.109375,0.109375,0.07682403177022934,-0.0006925651687197387,0.8571428656578064,0.3729727935203483,7.0,0.30808091163635254,0.4756590723991394,26,0.42105263471603394,0.484375,0.14615844190120697,0.130691796541214,-0.18828652054071426,0.8152681191471711,0.5989287296702498,0.34466791643582484,1.0,0.656761233111512,0.6847863514087875,1.0,0.008127860724925995,0.7688276171684265,-0.011916319839656353,0.2982456088066101,0.42105263471603394,1.0,0.5102040816326531,0.4897959183673469,0.5535714285714286,0.30808091163635254,0.144831582903862,Exp-3 v3 (7.1 + 7.2 per-group gate)
0.008855198509991169,0.1345406323671341,0.06581801921129227,0.125,0.125,0.13639391958713531,-0.0018743866821750998,1.0,0.24679062430509383,8.0,0.449734628200531,0.4774942100048065,27,0.3392857015132904,0.421875,0.14815901219844818,0.14914581179618835,0.08908162266016006,0.8101146391547345,0.6051072839441924,0.4316296919633391,1.0,0.6910851098003609,0.7163077162679088,1.0,0.008855198509991169,1.1107494831085205,-0.03055061586201191,0.3392857015132904,0.3392857015132904,1.0,0.6607142857142857,0.3392857142857143,0.421875,0.449734628200531,0.14546461403369904,Exp-3 v3 (7.1 + 7.2 per-group gate)
0.005069968290627003,0.08168889582157135,0.06206434965133667,0.125,0.125,0.07171717286109924,-0.003247602377086878,1.0,0.2851557039762735,8.0,0.3781299293041229,0.3884238302707672,28,0.4821428656578064,0.546875,0.09657865762710571,0.21088752150535583,0.2035850416868925,0.8175397884610366,0.5963822687977282,0.4622762451573707,1.0,0.6462623116584977,0.6589626580753373,1.0,0.005069968290627003,1.2151291370391846,-0.02633797377347946,0.4821428656578064,0.4821428656578064,1.0,0.5178571428571428,0.4821428571428572,0.546875,0.3781299293041229,0.09514392167329788,Exp-3 v3 (7.1 + 7.2 per-group gate)
0.009437144733965397,0.1298311948776245,0.07268780469894409,0.125,0.125,0.07578691095113754,0.0027921658474951982,0.875,0.2766416675862441,8.0,0.32473045587539673,0.48686328530311584,29,0.6428571343421936,0.6875,0.1533605307340622,0.11443568021059036,0.041732498444616795,0.7384243862286073,0.5724583264348263,0.39462004353642943,1.0,0.6509505872772231,0.657448084529953,1.0,0.009437144733965397,0.9434012174606323,-0.03984872251749039,0.5178571343421936,0.6428571343421936,1.0,0.35714285714285715,0.6428571428571428,0.6875,0.32473045587539673,0.15172787010669708,Exp-3 v3 (7.1 + 7.2 per-group gate)
0.007304604165256023,0.09950759261846542,0.07340750843286514,0.125,0.125,0.059046611189842224,-0.004412911366671324,0.875,0.2834733547569204,8.0,0.3173244893550873,0.42916280031204224,30,0.6071428656578064,0.65625,0.11639032512903214,0.41491788625717163,-0.01072603091597557,0.6816606901309952,0.5544982070392985,0.33372946207758236,0.9485347212653861,0.5992386844421902,0.6345604163796158,1.0,0.007304604165256023,0.7920005917549133,-0.033669665455818176,0.4821428656578064,0.6071428656578064,1.0,0.3928571428571429,0.6071428571428571,0.65625,0.3173244893550873,0.1149117574095726,Exp-3 v3 (7.1 + 7.2 per-group gate)
0.006400138605386019,0.10338234901428223,0.061907459050416946,0.109375,0.109375,0.11754186451435089,-0.0010771683882921934,1.0,0.279822636751063,7.0,0.4083143174648285,0.43834784626960754,31,0.2982456088066101,0.375,0.12038760632276535,0.21140332520008087,0.12970448844134808,0.7281204699501762,0.5684361409850528,0.3741660382601897,0.9274907715292132,0.6264576730131041,0.6282472314587639,1.0,0.006400138605386019,1.0850248336791992,-0.019706828519701958,0.2982456088066101,0.2982456088066101,1.0,0.6938775510204082,0.30612244897959184,0.39285714285714285,0.4083143174648285,0.11853297054767609,Exp-3 v3 (7.1 + 7.2 per-group gate)
0.006931930780410767,0.09652622044086456,0.07181396335363388,0.125,0.125,0.09163018316030502,0.001795440330170095,1.0,0.23622779563076704,8.0,0.4085560441017151,0.41782552003860474,32,0.3392857015132904,0.421875,0.11269251257181168,0.16793815791606903,-0.10132670029997826,0.753412495227572,0.5776639545000443,0.4105589568245364,1.0,0.6347322497572526,0.663121647454182,1.0,0.006931930780410767,0.9253617525100708,-0.02368221990764141,0.3392857015132904,0.3392857015132904,1.0,0.6607142857142857,0.3392857142857143,0.421875,0.4085560441017151,0.11062730848789215,Exp-3 v3 (7.1 + 7.2 per-group gate)
0.007008339744061232,0.11623410135507584,0.060295041650533676,0.125,0.125,0.10705713927745819,0.001640360802412033,1.0,0.2618371124752711,8.0,0.3758552670478821,0.481236070394516,33,0.5535714030265808,0.609375,0.14361681044101715,0.11685757339000702,-0.06097886338829994,0.7151347161194235,0.5645404148358271,0.34807448403687863,0.9382191891700716,0.6272063637293481,0.6314657567510215,1.0,0.007008339744061232,0.8032395839691162,-0.037917450070381165,0.5535714030265808,0.5535714030265808,1.0,0.4464285714285714,0.5535714285714286,0.609375,0.3758552670478821,0.1419777125120163,Exp-3 v3 (7.1 + 7.2 per-group gate)
0.00857094768434763,0.10017689317464828,0.08555812388658524,0.125,0.125,0.07476602494716644,-0.005689271725714207,1.0,0.236227795630767,8.0,0.3336857855319977,0.42740219831466675,34,0.5178571343421936,0.578125,0.11568273603916168,0.2771465480327606,-0.2592691294848919,0.6876688595637177,0.5563006578691153,0.4574182178375667,0.8999522511219734,0.6044364236574021,0.619985675336592,1.0,0.00857094768434763,0.8854162693023682,-0.035589225590229034,0.5178571343421936,0.5178571343421936,1.0,0.48214285714285715,0.5178571428571428,0.578125,0.3336857855319977,0.11379808187484741,Exp-3 v3 (7.1 + 7.2 per-group gate)
0.01031173299998045,0.11744608730077744,0.08779972046613693,0.125,0.125,0.10021781921386719,-0.0020419354550540447,0.875,0.4040610178208843,8.0,0.36487388610839844,0.4652969241142273,35,0.4285714328289032,0.5,0.13672196865081787,0.11505317687988281,-0.0030789654701948166,0.6927114953768299,0.5578134486130489,0.3174165206301986,0.9599840426227717,0.6131936684128036,0.6379952127868315,1.0,0.01031173299998045,1.011885404586792,-0.018921177834272385,0.3035714328289032,0.4285714328289032,1.0,0.5714285714285714,0.4285714285714286,0.5,0.36487388610839844,0.13434480130672455,Exp-3 v3 (7.1 + 7.2 per-group gate)
0.008735757321119308,0.1363425999879837,0.06407210230827332,0.109375,0.109375,0.10277018696069717,0.006669687572866678,0.5714285969734192,0.2999375195244708,7.0,0.44110506772994995,0.5261034965515137,36,0.6315789222717285,0.671875,0.17106010019779205,0.10317398607730865,0.08470600098371506,0.5952090505725212,0.5285627151717563,0.1690082019005122,0.8901761060360214,0.6056477264756129,0.6170528318108064,1.0,0.008735757321119308,0.5503040552139282,-0.01631208322942257,0.2631579041481018,0.6315789222717285,1.0,0.2653061224489796,0.7346938775510203,0.7678571428571429,0.44110506772994995,0.16868025064468384,Exp-3 v3 (7.1 + 7.2 per-group gate)
0.010956302285194397,0.13273605704307556,0.08254202455282211,0.125,0.125,0.09228424727916718,-0.000272226519882679,0.75,0.3025191847517396,8.0,0.341483473777771,0.49076589941978455,37,0.625,0.671875,0.1484643518924713,0.20885972678661346,-0.050733478739857674,0.5440214757441939,0.5132064427232581,0.03544071504379428,0.7784699402428316,0.5757163278985143,0.5835409820728494,1.0,0.010956302285194397,0.6659107804298401,-0.026802556589245796,0.375,0.625,1.0,0.375,0.625,0.671875,0.341483473777771,0.14632612466812134,Exp-3 v3 (7.1 + 7.2 per-group gate)
0.006131885573267937,0.1042720153927803,0.05880662798881531,0.109375,0.109375,0.08275008201599121,0.0004798955633305013,1.0,0.2629407903413291,7.0,0.3340102434158325,0.4547109007835388,38,0.4912280738353729,0.546875,0.12705941498279572,0.4957728981971741,-0.0534959901124239,0.5362179653194247,0.5108653895958274,0.24856331020608155,0.774432468608914,0.5709055014972368,0.5823297405826742,1.0,0.006131885573267937,0.7244400382041931,-0.03304675966501236,0.4912280738353729,0.4912280738353729,1.0,0.48979591836734687,0.5102040816326531,0.5714285714285714,0.3340102434158325,0.1257825642824173,Exp-3 v3 (7.1 + 7.2 per-group gate)
0.0062324111349880695,0.09852331876754761,0.06325823068618774,0.109375,0.109375,0.07651468366384506,-0.001821102574467659,0.8571428656578064,0.237998036524298,7.0,0.39436888694763184,0.43879950046539307,39,0.4912280738353729,0.546875,0.12131546437740326,0.2249172478914261,0.015346687287092209,0.5223920839617231,0.5067176251885169,0.2022784020802691,0.7707987441383883,0.5609578065745067,0.5812396232415165,1.0,0.0062324111349880695,0.984590470790863,-0.02804098092019558,0.3684210479259491,0.4912280738353729,1.0,0.4693877551020408,0.5306122448979592,0.5892857142857143,0.39436888694763184,0.11960302293300629,Exp-3 v3 (7.1 + 7.2 per-group gate)
0.007665230426937342,0.11451680958271027,0.06693541258573532,0.125,0.125,0.083684042096138,-0.003289878834038973,0.625,0.3189387696337813,8.0,0.3618188500404358,0.48183953762054443,40,0.625,0.671875,0.1463833600282669,0.1462709903717041,-0.0933062769472599,0.47848620641535733,0.49354586192460725,0.06538389520557557,0.8151474368956465,0.5762905960683851,0.5945442310686939,1.0,0.007665230426937342,0.728754997253418,-0.029681259766221046,0.25,0.625,1.0,0.375,0.625,0.671875,0.3618188500404358,0.14471924304962158,Exp-3 v3 (7.1 + 7.2 per-group gate)
0.010653581470251083,0.09646382927894592,0.11044120788574219,0.125,0.125,0.09479130804538727,0.002303208690136671,0.75,0.31943828249997,8.0,0.38191717863082886,0.4305783212184906,41,0.6428571343421936,0.6875,0.12130343914031982,0.3262787163257599,0.029422214487567544,0.4330185347842733,0.47990556043528193,0.08503597336054491,0.6995001916043005,0.5525178822216178,0.5598500574812901,1.0,0.010653581470251083,0.8802205920219421,-0.0155976926907897,0.3928571343421936,0.6428571343421936,1.0,0.3571428571428572,0.6428571428571428,0.6875,0.38191717863082886,0.1184970811009407,Exp-3 v3 (7.1 + 7.2 per-group gate)
0.006000330206006765,0.09589411318302155,0.06257245689630508,0.109375,0.109375,0.09983664005994797,0.004976243712007999,1.0,0.3135161529742289,7.0,0.3353676199913025,0.45005470514297485,42,0.4736842215061188,0.53125,0.12362883985042572,0.40067359805107117,0.3394360337406397,0.44311803856826026,0.48293541157047803,0.007484754138554947,0.7671741811070136,0.5567512107247047,0.580152254332104,1.0,0.006000330206006765,1.5201027393341064,-0.01775437220931053,0.4736842215061188,0.4736842215061188,1.0,0.5102040816326531,0.4897959183673469,0.5535714285714286,0.3353676199913025,0.12235067039728165,Exp-3 v3 (7.1 + 7.2 per-group gate)
0.007294187322258949,0.10583768039941788,0.0689186230301857,0.125,0.125,0.11294037103652954,0.0012690728763118386,0.875,0.2895941917897653,8.0,0.37143033742904663,0.46390917897224426,43,0.5535714030265808,0.609375,0.13454928994178772,0.16677609086036682,0.01663733646273613,0.43094908795160636,0.4792847263854819,0.08054580111506504,0.7592141930263393,0.5688251958134568,0.5777642579079018,1.0,0.007294187322258949,1.2093843221664429,-0.024928497150540352,0.4285714328289032,0.5535714030265808,1.0,0.4464285714285714,0.5535714285714286,0.609375,0.37143033742904663,0.13280874490737915,Exp-3 v3 (7.1 + 7.2 per-group gate)
0.009133057668805122,0.0912182405591011,0.10012314468622208,0.125,0.125,0.07235006242990494,0.0013144034892320633,1.0,0.21428571428571427,8.0,0.3264639377593994,0.42103755474090576,44,0.5714285969734192,0.625,0.11261307448148727,0.32325664162635803,0.12300914130173624,0.4140446499363813,0.47421339498091436,0.09840756622766844,0.6711729752801825,0.5393970496611481,0.5513518925840547,1.0,0.009133057668805122,0.6717778444290161,-0.03157278895378113,0.5714285969734192,0.5714285969734192,1.0,0.4285714285714286,0.5714285714285714,0.625,0.3264639377593994,0.1106419712305069,Exp-3 v3 (7.1 + 7.2 per-group gate)
0.0099394666031003,0.09630633890628815,0.10320676863193512,0.125,0.125,0.09218060970306396,0.009589959867298603,0.875,0.36246041303900783,8.0,0.4572550356388092,0.44048506021499634,45,0.4642857015132904,0.53125,0.12261907756328583,0.22626745700836182,-0.09548900555819273,0.43802658763221713,0.4803634832825842,0.0,0.76948730332066,0.5616055493287907,0.5808461909961979,1.0,0.0099394666031003,0.6689445376396179,-0.010752314701676369,0.3392857015132904,0.4642857015132904,1.0,0.5357142857142857,0.4642857142857143,0.53125,0.4572550356388092,0.11925958842039108,Exp-3 v3 (7.1 + 7.2 per-group gate)
0.008040136657655239,0.09594675898551941,0.0837978944182396,0.125,0.125,0.11194228380918503,-0.005518169142305851,1.0,0.21354037041252497,8.0,0.34072622656822205,0.4319823682308197,46,0.5178571343421936,0.578125,0.11648236215114594,0.22975672781467438,-0.026186859235167503,0.43513806366222596,0.48054141909866777,0.1342339316400933,0.7187290406641208,0.5475631956666781,0.5656187121992362,1.0,0.008040136657655239,0.9947634935379028,-0.03172053396701813,0.5178571343421936,0.5178571343421936,1.0,0.4821428571428571,0.5178571428571428,0.578125,0.34072622656822205,0.11466480046510696,Exp-3 v3 (7.1 + 7.2 per-group gate)
0.006412218324840069,0.07840421795845032,0.08178409934043884,0.125,0.125,0.05036710202693939,0.0025337222032248974,0.75,0.3637776569189886,8.0,0.2701681852340698,0.4004969298839569,47,0.4821428656578064,0.546875,0.09922481328248978,0.23722998797893524,0.0652209036052227,0.447576635410068,0.48427299062302037,0.14700100615161102,0.7206656589880744,0.5634970605349094,0.5661996976964223,1.0,0.006412218324840069,0.7765353322029114,-0.011479024775326252,0.2321428507566452,0.4821428656578064,1.0,0.5178571428571428,0.4821428571428571,0.546875,0.2701681852340698,0.09812162071466446,Exp-3 v3 (7.1 + 7.2 per-group gate)
0.010620628483593464,0.09068208932876587,0.11711936444044113,0.125,0.125,0.07481995970010757,-0.001315532485023141,0.75,0.28064702938395913,8.0,0.3892885446548462,0.4253579378128052,48,0.5892857313156128,0.640625,0.11499929428100586,0.4538743197917938,0.002304358407855034,0.4230570645349322,0.47691711936047965,0.02352837988794987,0.7224086154796324,0.5442902103044586,0.5667225846438897,1.0,0.010620628483593464,0.908502995967865,-0.02543499320745468,0.3392857015132904,0.5892857313156128,1.0,0.4107142857142857,0.5892857142857142,0.640625,0.3892885446548462,0.11205490678548813,Exp-3 v3 (7.1 + 7.2 per-group gate)
0.008567694574594498,0.08755695074796677,0.09785282611846924,0.109375,0.109375,0.06851860135793686,0.0016022099880501628,0.8571428656578064,0.1999583463496472,7.0,0.36418402194976807,0.42587822675704956,49,0.5789473652839661,0.625,0.11275918781757355,0.26027795672416687,0.07672716304659843,0.3865652952629167,0.46596009975864816,0.0,0.5802194744382054,0.5160010050619263,0.5240658423314616,1.0,0.008567694574594498,0.7835351824760437,-0.027894193306565285,0.45614033937454224,0.5789473652839661,1.0,0.36734693877551017,0.6326530612244897,0.6785714285714286,0.36418402194976807,0.11058644950389862,Exp-3 v3 (7.1 + 7.2 per-group gate)
0.01517505943775177,0.13608184456825256,0.11151421070098877,0.125,0.125,0.07726837694644928,0.0041657439433038235,0.625,0.26666400934050144,8.0,0.39742541313171387,0.5586481094360352,50,0.8035714030265808,0.828125,0.1885448843240738,0.9932389855384827,-0.06608618749305606,0.30534924024185084,0.43900694631362847,0.0,0.46620536159117193,0.48546786508185924,0.48986160847735155,1.0,0.01517505943775177,0.6875773668289185,-0.03660684451460838,0.4285714328289032,0.8035714030265808,1.0,0.19642857142857142,0.8035714285714286,0.828125,0.39742541313171387,0.18532629311084747,Exp-3 v3 (7.1 + 7.2 per-group gate)
0.012259087525308132,0.1117488443851471,0.10970214009284973,0.125,0.125,0.10490867495536804,-0.0002422541583655402,0.875,0.2834733547569204,8.0,0.30221933126449585,0.4792061448097229,51,0.6071428656578064,0.65625,0.1464204490184784,1.104748010635376,0.025090822018682957,0.28130654976740177,0.4343919649302205,0.06825205353128842,0.5221830637653273,0.49019500984819137,0.5066549191295981,1.0,0.012259087525308132,0.7871086597442627,-0.037377916276454926,0.4821428656578064,0.6071428656578064,1.0,0.39285714285714285,0.6071428571428571,0.65625,0.30221933126449585,0.14448678493499756,Exp-3 v3 (7.1 + 7.2 per-group gate)
0.009545953013002872,0.08093689382076263,0.11794315278530121,0.125,0.125,0.07449449598789215,-0.0006031590746715665,1.0,0.12371791482634838,8.0,0.30910977721214294,0.39724940061569214,52,0.5714285969734192,0.625,0.10044348984956741,0.25602617859840393,0.040641784900799394,0.279366363707952,0.4338099091123856,0.07460124172897173,0.5913933245598912,0.49260407812063156,0.5274179973679674,1.0,0.009545953013002872,0.7498126029968262,-0.026660507544875145,0.5714285969734192,0.5714285969734192,1.0,0.4285714285714286,0.5714285714285714,0.625,0.30910977721214294,0.09843237698078156,Exp-3 v3 (7.1 + 7.2 per-group gate)
0.01578124612569809,0.08837999403476715,0.17856130003929138,0.125,0.125,0.04084230959415436,0.0008121960563585162,0.625,0.31743551490412814,8.0,0.3352859914302826,0.4292204976081848,53,0.75,0.78125,0.11830300837755203,0.14855138957500458,0.057028780109249055,0.2242870851591206,0.41542891745608895,0.0,0.49446011066492435,0.4817747483016626,0.4983380331994773,1.0,0.01578124612569809,0.47124671936035156,-0.012837039306759834,0.375,0.75,1.0,0.25,0.75,0.78125,0.3352859914302826,0.1148238331079483,Exp-3 v3 (7.1 + 7.2 per-group gate)
0.009260933846235275,0.07731857150793076,0.11977630853652954,0.125,0.125,0.06411567330360413,0.006511167623102665,0.875,0.25691954589175287,8.0,0.32812976837158203,0.4149312973022461,54,0.625,0.671875,0.10669952630996704,0.421511709690094,-0.19057598896324635,0.2121476395649156,0.4113860247791575,0.0,0.5188236219887973,0.47074012929453635,0.5056470865966392,1.0,0.009260933846235275,0.7932885885238647,-0.020382288843393326,0.5,0.625,1.0,0.375,0.625,0.671875,0.32812976837158203,0.10462970286607742,Exp-3 v3 (7.1 + 7.2 per-group gate)
0.0099009545519948,0.06355855613946915,0.15577688813209534,0.125,0.125,0.04362861067056656,-8.403156971326098e-05,0.625,0.4428427417013302,8.0,0.3433383107185364,0.3741092085838318,55,0.5535714030265808,0.609375,0.0877811461687088,0.5357122421264648,-0.16908693499863148,0.23414009803084834,0.4148902790183514,0.0,0.5340066808761434,0.50102265616594,0.510202004262843,1.0,0.0099009545519948,0.6213449835777283,-0.00643833726644516,0.1785714328289032,0.5535714030265808,1.0,0.4464285714285714,0.5535714285714286,0.609375,0.3433383107185364,0.08522558212280273,Exp-3 v3 (7.1 + 7.2 per-group gate)
0.008399312384426594,0.0691337063908577,0.12149374186992645,0.125,0.125,0.0730489194393158,0.005477880593389273,0.875,0.21354037041252497,8.0,0.419739693403244,0.384993314743042,56,0.625,0.671875,0.09415581822395325,0.14928987622261047,0.03664404200389981,0.2244165608703442,0.4109012496264002,0.0,0.6020345799596261,0.4818062452229044,0.5306103739878878,1.0,0.008399312384426594,0.685733437538147,-0.01895500347018242,0.5,0.625,1.0,0.375,0.625,0.671875,0.419739693403244,0.0913979634642601,Exp-3 v3 (7.1 + 7.2 per-group gate)
0.009394592605531216,0.07066859304904938,0.1329387128353119,0.125,0.125,0.03973345458507538,0.0016928628319874406,0.875,0.12242240357859006,8.0,0.3438000977039337,0.43918564915657043,57,0.8035714030265808,0.828125,0.11790194362401962,1.2792177200317383,0.100003682076931,0.17399871075922382,0.38945398063581177,0.0,0.5204025448584593,0.456867934526108,0.5061207634575378,1.0,0.009394592605531216,0.405616819858551,-0.025511322543025017,0.6785714030265808,0.8035714030265808,1.0,0.19642857142857145,0.8035714285714286,0.828125,0.3438000977039337,0.11575960367918015,Exp-3 v3 (7.1 + 7.2 per-group gate)
0.005303577985614538,0.06976443529129028,0.0760212242603302,0.109375,0.109375,0.05978059396147728,0.0009229860152117908,0.8571428656578064,0.3027019790651291,7.0,0.307773232460022,0.4188956320285797,58,0.6140350699424744,0.65625,0.10889389365911484,0.730646550655365,0.21012220345437527,0.1638449853061523,0.3831616430250531,0.0,0.4063082703239007,0.4704238247113534,0.4718924810971702,1.0,0.005303577985614538,0.6510460376739502,-0.0203273743391037,0.4912280738353729,0.6140350699424744,1.0,0.326530612244898,0.6734693877551019,0.7142857142857143,0.307773232460022,0.10783349722623825,Exp-3 v3 (7.1 + 7.2 per-group gate)
0.006245823111385107,0.04939756169915199,0.1264398992061615,0.125,0.125,0.08322238177061081,0.0032325969077646732,1.0,0.23690177073967142,8.0,0.3082917332649231,0.3311731219291687,59,0.5,0.5625,0.06951230019330978,0.1564188152551651,-0.2418245729058981,0.19359143764863385,0.39484547779122525,0.0,0.528430818556892,0.48985103646331424,0.5085292455670676,1.0,0.006245823111385107,0.8221338391304016,-0.010347697883844376,0.5,0.5,1.0,0.5,0.4999999999999999,0.5625,0.3082917332649231,0.06801154464483261,Exp-3 v3 (7.1 + 7.2 per-group gate)
0.006625201087445021,0.0777120441198349,0.08525320887565613,0.109375,0.109375,0.13299910724163055,0.0073423488065600395,0.8571428656578064,0.36507232285710856,7.0,0.39800122380256653,0.4112083613872528,60,0.4912280738353729,0.546875,0.10680884122848511,0.7663648724555969,-0.21385665168054402,0.25074896586560297,0.4063813373770915,0.0,0.612204935780355,0.5161861546417702,0.5336614807341065,1.0,0.006625201087445021,0.9955093264579773,-0.0161169171333313,0.3684210479259491,0.4912280738353729,1.0,0.5102040816326531,0.489795918367347,0.5535714285714286,0.39800122380256653,0.10486677289009094,Exp-3 v3 (7.1 + 7.2 per-group gate)
0.013360485434532166,0.07460606098175049,0.17908042669296265,0.125,0.125,0.16575929522514343,0.001644143951125443,0.875,0.29450754468697576,8.0,0.4293917715549469,0.3776450455188751,61,0.4285714328289032,0.5,0.09451372921466827,0.10007218271493912,-0.08530823700129986,0.2899776675513573,0.4228860597976985,0.0,0.7200320591212014,0.5310970424144,0.5660096177363604,1.0,0.013360485434532166,1.4485207796096802,-0.013391955755650997,0.3035714328289032,0.4285714328289032,1.0,0.5714285714285714,0.4285714285714286,0.5,0.4293917715549469,0.08997901529073715,Exp-3 v3 (7.1 + 7.2 per-group gate)
0.017866458743810654,0.0878581777215004,0.20335566997528076,0.125,0.125,0.13388146460056305,0.006579347420483828,1.0,0.2618371124752711,8.0,0.41779157519340515,0.4364593029022217,62,0.5535714030265808,0.609375,0.12062717974185944,0.6049443483352661,0.005882635712623596,0.29219759813017854,0.4252403096037157,0.0,0.7694574203801778,0.559415908771324,0.5808372261140533,1.0,0.017866458743810654,1.0753470659255981,-0.020931795239448547,0.5535714030265808,0.5535714030265808,1.0,0.44642857142857145,0.5535714285714286,0.609375,0.41779157519340515,0.11522132903337479,Exp-3 v3 (7.1 + 7.2 per-group gate)
0.010057191364467144,0.06821674853563309,0.147429957985878,0.125,0.125,0.03067789413034916,-0.007181752938777208,0.75,0.18813667415808463,8.0,0.3294646441936493,0.39941349625587463,63,0.8035714030265808,0.828125,0.09814856201410294,0.8946995139122009,0.06374748377129436,0.22907833541195216,0.40235913498792486,0.0,0.6745155549779713,0.531633852399871,0.5523546664933914,1.0,0.010057191364467144,0.5238927006721497,-0.04873847961425781,0.5535714030265808,0.8035714030265808,1.0,0.19642857142857145,0.8035714285714286,0.828125,0.3294646441936493,0.09579852968454361,Exp-3 v3 (7.1 + 7.2 per-group gate)
0.01377455610781908,0.06650093197822571,0.20713326334953308,0.125,0.125,0.05847763270139694,0.004721021745353937,0.75,0.2415669510440836,8.0,0.37026357650756836,0.3966488838195801,64,0.7321428656578064,0.765625,0.09891193360090256,0.18488869071006775,0.02719607949256897,0.19277764366353115,0.3889089349233517,0.0,0.6808735218705397,0.4956133241750168,0.5542620565611619,1.0,0.01377455610781908,0.6478968262672424,-0.014702812768518925,0.4821428656578064,0.7321428656578064,1.0,0.26785714285714285,0.7321428571428572,0.765625,0.37026357650756836,0.09512197971343994,Exp-3 v3 (7.1 + 7.2 per-group gate)
0.013430747203528881,0.06331146508455276,0.21213768422603607,0.125,0.125,0.1195579245686531,0.001327276579104364,0.625,0.38754525739661977,8.0,0.3398713171482086,0.3607582747936249,65,0.5535714030265808,0.609375,0.08575952053070068,0.3147994875907898,-0.04192080721259117,0.22526503567071982,0.3946608979618617,0.0,0.7818337866023677,0.5317662768331797,0.5845501359807103,1.0,0.013430747203528881,1.1001605987548828,-0.008795349858701229,0.1785714328289032,0.5535714030265808,1.0,0.44642857142857145,0.5535714285714286,0.609375,0.3398713171482086,0.08230014890432358,Exp-3 v3 (7.1 + 7.2 per-group gate)
0.008835014887154102,0.061021655797958374,0.14478491246700287,0.125,0.125,0.08134514093399048,0.0029870609287172556,1.0,0.23622779563076698,8.0,0.372700572013855,0.3610585927963257,66,0.5178571343421936,0.578125,0.08326620608568192,0.22730860114097595,-0.10338740656152368,0.23696471991891666,0.403409092496282,0.0,0.7298408756176578,0.5014467906446126,0.5689522626852973,1.0,0.008835014887154102,0.6973128318786621,-0.020596889778971672,0.5178571343421936,0.5178571343421936,1.0,0.48214285714285715,0.5178571428571428,0.578125,0.372700572013855,0.08068626374006271,Exp-3 v3 (7.1 + 7.2 per-group gate)
0.01515294425189495,0.07318616658449173,0.20704656839370728,0.125,0.125,0.11121795326471329,-0.0010641916887834668,0.875,0.34255939452233714,8.0,0.40713176131248474,0.3947980999946594,67,0.5,0.5625,0.10034434497356415,0.31539562344551086,-0.2653334462083876,0.2641807306218291,0.41306818231533116,0.0,0.778285355226989,0.537906047964819,0.5834856065680967,1.0,0.01515294425189495,0.9929810166358948,-0.012736956588923931,0.375,0.5,1.0,0.5,0.5,0.5625,0.40713176131248474,0.09562408924102783,Exp-3 v3 (7.1 + 7.2 per-group gate)
0.005756644066423178,0.04870600625872612,0.118191659450531,0.09375,0.09375,0.08500486612319946,0.0020371852442622185,0.8333333134651184,0.26082026547865056,6.0,0.3782418966293335,0.32053300738334656,68,0.4137931168079376,0.46875,0.06876175850629807,0.7165946364402771,-0.18616947159171104,0.26352272373778357,0.4146185061426645,0.0,0.8218853868753869,0.5555440133196661,0.596565616062616,1.0,0.005756644066423178,0.8031911849975586,-0.0067342789843678474,0.2931034564971924,0.4137931168079376,1.0,0.42857142857142855,0.5714285714285714,0.625,0.3782418966293335,0.0669698715209961,Exp-3 v3 (7.1 + 7.2 per-group gate)
0.009449252858757973,0.0701458752155304,0.13470861315727234,0.125,0.125,0.11025447398424149,1.9735391106223688e-05,0.75,0.40049395521438935,8.0,0.3671566843986511,0.3921709954738617,69,0.4464285671710968,0.515625,0.0962437316775322,0.19070492684841156,0.1082829562947154,0.29211138907180206,0.42851379769370124,0.0,0.7805566459561583,0.5510864362555024,0.5841669937868474,1.0,0.009449252858757973,1.0890260934829712,-0.005053225439041853,0.1964285671710968,0.4464285671710968,1.0,0.5535714285714286,0.44642857142857145,0.515625,0.3671566843986511,0.09365937858819962,Exp-3 v3 (7.1 + 7.2 per-group gate)
0.006313303951174021,0.051681455224752426,0.12215801328420639,0.125,0.125,0.06824025511741638,-9.904702164931223e-05,0.875,0.2714050741709047,8.0,0.3357076942920685,0.3309222459793091,70,0.4464285671710968,0.515625,0.0705995261669159,0.2613394260406494,0.1522210706025362,0.3153465541995759,0.4410195597171053,0.0,0.6119160194165248,0.5283251442668512,0.5335748058249574,1.0,0.006313303951174021,0.9500877261161804,-0.011723130010068417,0.3214285671710968,0.4464285671710968,1.0,0.5535714285714286,0.4464285714285714,0.515625,0.3357076942920685,0.06891518831253052,Exp-3 v3 (7.1 + 7.2 per-group gate)
0.008640928193926811,0.05097460001707077,0.16951438784599304,0.125,0.125,0.05612575635313988,-0.0008025733404792845,0.75,0.24156695104408363,8.0,0.39521342515945435,0.34355440735816956,71,0.6964285969734192,0.734375,0.07516081631183624,0.3490492105484009,-0.21138647384941578,0.27663998212134683,0.427274745538169,0.0,0.5140919072771049,0.5026957027302741,0.5042275721831314,1.0,0.008640928193926811,0.6417566537857056,-0.01079504657536745,0.4464285671710968,0.6964285969734192,1.0,0.3035714285714286,0.6964285714285714,0.734375,0.39521342515945435,0.07237115502357483,Exp-3 v3 (7.1 + 7.2 per-group gate)
0.012446804903447628,0.058499526232481,0.2127676159143448,0.125,0.125,0.03909836336970329,-0.001520408084616065,0.5,0.2575393768188564,8.0,0.2951424717903137,0.3754836618900299,72,0.7857142686843872,0.8125,0.08872844278812408,0.3559935986995697,0.09289657697081566,0.2296307438626315,0.4059758415082102,0.0,0.48230802942696144,0.47607109252775287,0.4946924088280884,1.0,0.012446804903447628,0.5227236151695251,-0.012822889722883701,0.2857142984867096,0.7857142686843872,1.0,0.21428571428571427,0.7857142857142857,0.8125,0.2951424717903137,0.08612687140703201,Exp-3 v3 (7.1 + 7.2 per-group gate)
0.011274239979684353,0.06967175751924515,0.16181936860084534,0.125,0.125,0.11928490549325943,-0.002832673955708742,0.875,0.28571428571428575,8.0,0.3803991675376892,0.40129444003105164,73,0.5,0.5625,0.10310239344835281,0.27721941471099854,-0.06349729467183352,0.2369329445353192,0.41537825623980207,0.0,0.5233192021159946,0.4743819507088456,0.5069957606347983,1.0,0.011274239979684353,1.1160410642623901,-0.015545662492513657,0.375,0.5,1.0,0.5,0.49999999999999994,0.5625,0.3803991675376892,0.09994041919708252,Exp-3 v3 (7.1 + 7.2 per-group gate)
0.006315223872661591,0.05181305110454559,0.12188481539487839,0.125,0.125,0.06655916571617126,-0.0022790818475186825,0.75,0.40049395521438935,8.0,0.2730216085910797,0.33564966917037964,74,0.4464285671710968,0.515625,0.07136743515729904,0.2557497024536133,-0.021298520267009735,0.2863034082619354,0.4291975729673896,0.0,0.592415849075492,0.508372326236325,0.5277247547226476,1.0,0.006315223872661591,1.2337843179702759,-0.007418287917971611,0.1964285671710968,0.4464285671710968,1.0,0.5535714285714286,0.4464285714285714,0.515625,0.2730216085910797,0.07008586078882217,Exp-3 v3 (7.1 + 7.2 per-group gate)
0.006609335076063871,0.04891827702522278,0.13510973751544952,0.125,0.125,0.07682958245277405,-0.0034144192468374968,0.875,0.338344559312436,8.0,0.36982834339141846,0.3200615644454956,75,0.4464285671710968,0.515625,0.06748093664646149,0.3805050849914551,-0.05145492125302553,0.3207712932087634,0.44163495746342485,0.0,0.6546028313390395,0.5303557901961208,0.5463808494017118,1.0,0.006609335076063871,0.9340368509292603,-0.014104584231972694,0.3214285671710968,0.4464285671710968,1.0,0.5535714285714286,0.4464285714285714,0.515625,0.36982834339141846,0.06546933203935623,Exp-3 v3 (7.1 + 7.2 per-group gate)
0.008083299733698368,0.05985026806592941,0.1350587159395218,0.125,0.125,0.08338509500026703,-0.003334758337587118,0.875,0.3494711748353737,8.0,0.3461408317089081,0.3375551402568817,76,0.375,0.453125,0.07803014665842056,0.2799874544143677,0.028213225305080414,0.3665715371942961,0.4599714611582888,0.0587332849379818,0.6629520705955013,0.544463067297572,0.5488856211786504,1.0,0.008083299733698368,1.0830293893814087,-0.013006922788918018,0.25,0.375,1.0,0.625,0.375,0.453125,0.3461408317089081,0.07584526389837265,Exp-3 v3 (7.1 + 7.2 per-group gate)
0.006760251708328724,0.053426437079906464,0.12653382122516632,0.125,0.125,0.07088611274957657,-0.0035769962705671787,1.0,0.30929478706587094,8.0,0.36230120062828064,0.34508582949638367,77,0.5357142686843872,0.59375,0.07676541805267334,0.8977090120315552,-0.15437947399914265,0.3700330761137307,0.46040288538005353,0.0,0.5377958701229117,0.5091995690575652,0.5113387610368735,1.0,0.006760251708328724,0.9416534304618835,-0.015022415667772293,0.5357142686843872,0.5357142686843872,1.0,0.4642857142857143,0.5357142857142857,0.59375,0.36230120062828064,0.07482199370861053,Exp-3 v3 (7.1 + 7.2 per-group gate)
0.00963768269866705,0.06022699549794197,0.16002264618873596,0.125,0.125,0.06220683455467224,-0.005382371600717306,1.0,0.2857142857142857,8.0,0.3017655313014984,0.35964271426200867,78,0.5714285969734192,0.625,0.08365894854068756,0.2675125002861023,-0.20727383624762297,0.3618988132830889,0.45721973863482235,0.0,0.648564826913007,0.5300067115562804,0.5445694480739021,1.0,0.00963768269866705,0.5851805210113525,-0.021370863541960716,0.5714285969734192,0.5714285969734192,1.0,0.4285714285714286,0.5714285714285714,0.625,0.3017655313014984,0.08153645694255829,Exp-3 v3 (7.1 + 7.2 per-group gate)
0.0101572684943676,0.08173028379678726,0.12427789717912674,0.125,0.125,0.0664592981338501,-0.010398449376225471,0.875,0.2012397798140115,8.0,0.33900174498558044,0.39444535970687866,79,0.6607142686843872,0.703125,0.09984584152698517,0.3147638440132141,0.07597366534173489,0.31886368942467247,0.44542633455014013,0.0,0.5622797671165018,0.499801509584839,0.5186839301349505,1.0,0.0101572684943676,0.5240413546562195,-0.03974129632115364,0.5357142686843872,0.6607142686843872,1.0,0.3392857142857143,0.6607142857142856,0.703125,0.33900174498558044,0.0973917543888092,Exp-3 v3 (7.1 + 7.2 per-group gate)
0.004253362771123648,0.06377732753753662,0.0666908323764801,0.109375,0.109375,0.0954781100153923,-0.006661322899162769,1.0,0.24659277497131782,7.0,0.3015424609184265,0.3637455403804779,80,0.2982456088066101,0.375,0.08401668071746826,0.24834710359573364,-0.07701988890767097,0.4009048524827009,0.4702714557448103,0.2110801320123884,0.6236907616294626,0.5109088657385469,0.5371072284888387,1.0,0.004253362771123648,1.1085025072097778,-0.014448649249970913,0.2982456088066101,0.2982456088066101,1.0,0.6938775510204082,0.30612244897959184,0.39285714285714285,0.3015424609184265,0.08308751881122589,Exp-3 v3 (7.1 + 7.2 per-group gate)
0.007899790070950985,0.05960196256637573,0.1325424462556839,0.125,0.125,0.08975192904472351,-0.005565288942307234,1.0,0.23622779563076704,8.0,0.3365609347820282,0.35525578260421753,81,0.5178571343421936,0.578125,0.08354127407073975,0.326276570558548,-0.11395545862615108,0.40486198104890403,0.4714585943146712,0.2530121470789202,0.5704715551363623,0.5180127958723428,0.5211414665409086,1.0,0.007899790070950985,1.0474227666854858,-0.02129899151623249,0.5178571343421936,0.5178571343421936,1.0,0.48214285714285715,0.5178571428571428,0.578125,0.3365609347820282,0.08152655512094498,Exp-3 v3 (7.1 + 7.2 per-group gate)
0.010822242125868797,0.07945752888917923,0.13620159029960632,0.125,0.125,0.1153784990310669,-0.008796687237918377,1.0,0.16656034023372882,8.0,0.38643479347229004,0.4256155788898468,82,0.5535714030265808,0.609375,0.11222424358129501,2.029118776321411,-0.11579783167690039,0.39651863494242234,0.46895559048272667,0.24847391137160466,0.5872339220130918,0.5133543715121022,0.5261701766039275,1.0,0.010822242125868797,0.6980754137039185,-0.02419065311551094,0.5535714030265808,0.5535714030265808,1.0,0.44642857142857145,0.5535714285714286,0.609375,0.38643479347229004,0.10922420024871826,Exp-3 v3 (7.1 + 7.2 per-group gate)
0.007882803678512573,0.063291035592556,0.12454850971698761,0.125,0.125,0.11558514833450317,-0.005175765138119459,1.0,0.21354037041252497,8.0,0.39450570940971375,0.3582764267921448,83,0.375,0.453125,0.08364365249872208,0.38143759965896606,-0.11001167073845863,0.448533433147793,0.4845600299443379,0.34041601726343945,0.5950142180179134,0.5200384890939472,0.528504265405374,1.0,0.007882803678512573,1.1355512142181396,-0.014090987853705883,0.375,0.375,1.0,0.625,0.375,0.453125,0.39450570940971375,0.08117372542619705,Exp-3 v3 (7.1 + 7.2 per-group gate)
0.012858330272138119,0.07861146330833435,0.1635681390762329,0.125,0.125,0.08661598712205887,-0.009770678356289864,0.875,0.2230356427999428,8.0,0.3847927451133728,0.43744727969169617,84,0.6071428656578064,0.65625,0.1160859689116478,0.2993660867214203,-0.12784603610634804,0.4179657987968848,0.4753897396390654,0.22424477831569312,0.656941363387219,0.5277020513794092,0.5470824090161657,1.0,0.012858330272138119,0.7219732403755188,-0.03376245126128197,0.4821428656578064,0.6071428656578064,1.0,0.39285714285714285,0.6071428571428572,0.65625,0.3847927451133728,0.11258583515882492,Exp-3 v3 (7.1 + 7.2 per-group gate)
0.005279108881950378,0.0565984770655632,0.09327298402786255,0.125,0.125,0.08310578018426895,-0.008212953805923462,1.0,0.35310214166580695,8.0,0.367224782705307,0.3500261902809143,85,0.4107142984867096,0.484375,0.07747521251440048,0.24637457728385925,0.11224684678018093,0.45593112066338987,0.486779336199017,0.26650823720085964,0.8079138937151639,0.5649318457944335,0.5923741681145491,1.0,0.005279108881950378,1.0380258560180664,-0.012318099848926067,0.4107142984867096,0.4107142984867096,1.0,0.5892857142857143,0.4107142857142857,0.484375,0.367224782705307,0.07593747973442078,Exp-3 v3 (7.1 + 7.2 per-group gate)
0.008822084404528141,0.06530370563268661,0.13509316742420197,0.125,0.125,0.06590699404478073,-0.0033296223264187574,0.875,0.2857142857142857,8.0,0.41941556334495544,0.3932913541793823,86,0.5714285969734192,0.625,0.09561855345964432,0.3454301655292511,0.11258656345307827,0.4365284812396315,0.48095854437188945,0.13771088337113954,0.9437891710103141,0.5784386609169668,0.6331367513030942,1.0,0.008822084404528141,0.6398791074752808,-0.018054649233818054,0.4464285671710968,0.5714285969734192,1.0,0.4285714285714286,0.5714285714285714,0.625,0.41941556334495544,0.09273655712604523,Exp-3 v3 (7.1 + 7.2 per-group gate)
0.007784630637615919,0.05215016379952431,0.1492733657360077,0.125,0.125,0.06949267536401749,-0.0019644929561764,0.75,0.35714285714285715,8.0,0.30932894349098206,0.35284623503685,87,0.5,0.5625,0.07924220710992813,1.381456732749939,-0.17163267359137535,0.44287563001125985,0.4828626890033779,0.08363672356223799,0.8279816768040786,0.5731601062192238,0.5983945030412235,1.0,0.007784630637615919,0.888691246509552,-0.012058871798217297,0.25,0.5,1.0,0.5,0.5,0.5625,0.30932894349098206,0.07743702083826065,Exp-3 v3 (7.1 + 7.2 per-group gate)
0.00685150595381856,0.04885011166334152,0.14025568962097168,0.125,0.125,0.06714940071105957,-0.002718961099162698,0.875,0.36726721073577023,8.0,0.3166676461696625,0.33818870782852173,88,0.5535714030265808,0.609375,0.0715186670422554,0.7501352429389954,-0.032041098922491074,0.4307309214920695,0.47921927644762086,0.00622542932007882,0.8060837110911245,0.554536070914172,0.5918251133273373,1.0,0.00685150595381856,0.8445537686347961,-0.011023775674402714,0.4285714328289032,0.5535714030265808,1.0,0.4464285714285714,0.5535714285714286,0.609375,0.3166676461696625,0.06982744485139847,Exp-3 v3 (7.1 + 7.2 per-group gate)
0.007179306820034981,0.05079245567321777,0.14134591817855835,0.125,0.125,0.07682685554027557,-0.002064744709059596,0.875,0.21943224513293763,8.0,0.30274781584739685,0.33028700947761536,89,0.5535714030265808,0.609375,0.07045057415962219,0.17529702186584473,-0.4205413465388119,0.41980068134127113,0.4759402044023813,0.031793354063597845,0.8469039071531089,0.5584361272419073,0.6040711721459326,1.0,0.007179306820034981,0.8875349760055542,-0.01343897357583046,0.4285714328289032,0.5535714030265808,1.0,0.4464285714285714,0.5535714285714286,0.609375,0.30274781584739685,0.06877078115940094,Exp-3 v3 (7.1 + 7.2 per-group gate)
0.007877104915678501,0.05759497731924057,0.1367672085762024,0.125,0.125,0.08418270200490952,-0.0027097235433757305,0.875,0.33455346419991416,8.0,0.34101736545562744,0.3689335584640503,90,0.5178571343421936,0.578125,0.08384155482053757,0.8364988565444946,-0.11713735666126013,0.4218682288842623,0.4765604686652787,0.04661161308208724,0.788403984113325,0.5654496557144443,0.5865211952339975,1.0,0.007877104915678501,0.6567701697349548,-0.013895828276872635,0.3928571343421936,0.5178571343421936,1.0,0.48214285714285715,0.5178571428571428,0.578125,0.34101736545562744,0.08179966360330582,Exp-3 v3 (7.1 + 7.2 per-group gate)
0.008623569272458553,0.06011081859469414,0.1434611827135086,0.125,0.125,0.09686657786369324,-0.0018979798769578338,0.875,0.31134992453861954,8.0,0.3470853567123413,0.36874091625213623,91,0.5,0.5625,0.08632049709558487,1.59928297996521,-0.05296698003076017,0.429681401649664,0.4789044204948992,0.06814091944940556,0.7406855549321467,0.5711700511531722,0.572205666479644,1.0,0.008623569272458553,0.8652390837669373,-0.01457822136580944,0.375,0.5,1.0,0.5,0.5,0.5625,0.3470853567123413,0.08405221253633499,Exp-3 v3 (7.1 + 7.2 per-group gate)
0.009025710634887218,0.06121249124407768,0.1474488377571106,0.109375,0.109375,0.15832535922527313,-0.0020863893441855907,1.0,0.28278380531736774,7.0,0.46163973212242126,0.35821524262428284,92,0.35087719559669495,0.421875,0.08593945950269699,0.4298847019672394,0.2078028442338109,0.47412822427798623,0.4922384672833958,0.12843924280179425,0.8356646163578137,0.5858065925847852,0.6006993849073441,1.0,0.009025710634887218,0.9483292102813721,-0.011995186097919941,0.35087719559669495,0.35087719559669495,1.0,0.6122448979591837,0.38775510204081637,0.4642857142857143,0.46163973212242126,0.082517609000206,Exp-3 v3 (7.1 + 7.2 per-group gate)
0.013303970918059349,0.07699930667877197,0.17278040945529938,0.125,0.125,0.12502853572368622,-0.0028854364063590765,0.875,0.3566961492042532,8.0,0.33782103657722473,0.4151073098182678,93,0.5178571343421936,0.578125,0.10556063801050186,0.8364107012748718,0.38793652318418026,0.47076301814818766,0.4912289054444563,0.01720094747510707,0.8573195188299473,0.5805993679942292,0.6071958556489842,1.0,0.013303970918059349,0.8087031841278076,-0.014558350667357445,0.3928571343421936,0.5178571343421936,1.0,0.48214285714285715,0.5178571428571428,0.578125,0.33782103657722473,0.10242896527051926,Exp-3 v3 (7.1 + 7.2 per-group gate)
0.0073984418995678425,0.06196470186114311,0.11939768493175507,0.125,0.125,0.1258484274148941,-0.0030101335141807795,1.0,0.2230356427999428,8.0,0.3824213445186615,0.39766809344291687,94,0.5357142686843872,0.59375,0.09605411440134048,0.47297534346580505,-0.02469468116760254,0.46178194955025065,0.4885345848650752,0.0892903751179619,0.8930161341180495,0.5739680004520656,0.6179048402354148,1.0,0.0073984418995678425,0.9752311110496521,-0.02683262526988983,0.5357142686843872,0.5357142686843872,1.0,0.4642857142857143,0.5357142857142857,0.59375,0.3824213445186615,0.09391964972019196,Exp-3 v3 (7.1 + 7.2 per-group gate)
0.0070312051102519035,0.05909515172243118,0.11898108571767807,0.125,0.125,0.09092061221599579,-0.0034189310390502214,1.0,0.30093392047058426,8.0,0.3534233272075653,0.3514196276664734,95,0.4642857015132904,0.53125,0.08077675104141235,1.620202660560608,-0.4319831905886531,0.4775085126859998,0.4932525538057999,0.2020024798419216,0.7844613956964868,0.5848815737689023,0.585338418708946,1.0,0.0070312051102519035,0.8607349991798401,-0.013889615423977375,0.4642857015132904,0.4642857015132904,1.0,0.5357142857142857,0.46428571428571425,0.53125,0.3534233272075653,0.07884614169597626,Exp-3 v3 (7.1 + 7.2 per-group gate)
0.011916461400687695,0.061473097652196884,0.1938484013080597,0.125,0.125,0.08731719851493835,-0.003503248794004321,0.875,0.3694314440281643,8.0,0.39401230216026306,0.36642593145370483,96,0.5357142686843872,0.59375,0.08571067452430725,0.29736581444740295,-0.12359296157956123,0.4678528971178084,0.49035586913534246,0.22138564109366154,0.8254859164120332,0.5480569362637189,0.5976457749236099,1.0,0.011916461400687695,0.945071280002594,-0.019161619246006012,0.4107142984867096,0.5357142686843872,1.0,0.4642857142857143,0.5357142857142857,0.59375,0.39401230216026306,0.0819924995303154,Exp-3 v3 (7.1 + 7.2 per-group gate)
0.012200454249978065,0.05982637405395508,0.2039310336112976,0.109375,0.109375,0.07116204500198364,-0.003738401224836707,0.7142857313156128,0.25325864583654806,7.0,0.43966689705848694,0.38432425260543823,97,0.6666666865348816,0.703125,0.09325461834669113,0.26981961727142334,0.09647811204195023,0.3996390334939293,0.46989171004817876,0.08258041031762883,0.8167468471611957,0.542836719506487,0.5950240541483587,1.0,0.012200454249978065,0.6137687563896179,-0.01828606426715851,0.42105263471603394,0.6666666865348816,1.0,0.2857142857142857,0.7142857142857143,0.75,0.43966689705848694,0.08897603303194046,Exp-3 v3 (7.1 + 7.2 per-group gate)
0.008317803964018822,0.06616253405809402,0.12571774423122406,0.125,0.125,0.09941466152667999,-0.004078908823430538,0.875,0.34255939452233714,8.0,0.3284890353679657,0.39396411180496216,98,0.5,0.5625,0.09600504487752914,0.35881760716438293,-0.12214811332523823,0.4096751264192461,0.47290253792577386,0.10051283696139299,0.7612626301206031,0.5422906528120985,0.5783787890361809,1.0,0.008317803964018822,0.7243639826774597,-0.01832936517894268,0.375,0.5,1.0,0.5,0.5,0.5625,0.3284890353679657,0.09405506402254105,Exp-3 v3 (7.1 + 7.2 per-group gate)
0.008921841159462929,0.055335838347673416,0.16123080253601074,0.125,0.125,0.0752691850066185,-0.007497965358197689,1.0,0.236227795630767,8.0,0.36452168226242065,0.33492857217788696,99,,,,,,,,,,,,,0.008921841159462929,0.7705570459365845,-0.02016388811171055,0.5178571343421936,0.5178571343421936,1.0,0.4821428571428572,0.5178571428571428,0.578125,0.36452168226242065,0.07092637568712234,Exp-3 v3 (7.1 + 7.2 per-group gate)
0.006990241818130016,0.08810501545667648,0.0793398842215538,0.125,0.125,0.10419514030218124,-0.010306422598659992,1.0,0.2618371124752711,8.0,0.42065054178237915,0.3166014850139618,100,,,,,,,,,,,,,0.006990241818130016,1.0647287368774414,-0.03455901890993118,0.4107142984867096,0.4107142984867096,1.0,0.5892857142857143,0.4107142857142857,0.484375,0.42065054178237915,0.06577032804489136,Exp-3 v3 (7.1 + 7.2 per-group gate)
