diag/exp_token_ratio,diag/teacher_token_ratio,diag/llm_token_ratio_in_response,diag/teacher_llm_token_ratio,diag/teacher_sample_ratio,diag/offpolicy_sample_ratio,diag/adv_teacher_token_mean,diag/adv_onpolicy_token_mean,diag/adv_teacher_sample_mean,diag/adv_onpolicy_sample_mean,diag/onpolicy_adv_pos_ratio,diag/teacher_adv_pos_ratio,diag/reward_onpolicy_mean,diag/reward_teacher_mean,diag/group_teacher_minus_on_reward_mean,diag/group_teacher_minus_on_reward_std,diag/group_gap_count,diag/group_non_teacher_reward_mean,diag/group_all_reward_mean,diag/entropy_teacher_token_mean,diag/entropy_onpolicy_token_mean,diag/entropy_offpolicy_token_mean,diag/entropy_onpolicy_token_std,grad_dir/ln/valid,grad_dir/ln/cos,grad_dir/ln/dot,grad_dir/ln/norm_on,grad_dir/ln/norm_teacher,grad_dir/ln/param_count,grad_dir/ln/vec_dim,grad_dir/ln/abs_mean_on,grad_dir/ln/abs_mean_teacher,grad_dir/proj/valid,grad_dir/proj/cos,grad_dir/proj/dot,grad_dir/proj/norm_on,grad_dir/proj/norm_teacher,grad_dir/proj/param_count,grad_dir/proj/vec_dim,grad_dir/proj/abs_mean_on,grad_dir/proj/abs_mean_teacher,grad_dir/flat/valid,grad_dir/flat/cos,grad_dir/flat/dot,grad_dir/flat/norm_on,grad_dir/flat/norm_teacher,grad_dir/flat/param_count,grad_dir/flat/vec_dim,grad_dir/flat/abs_mean_on,grad_dir/flat/abs_mean_teacher,grad_dir/flat/layer_min,grad_dir/flat/layer_max,grad_dir/flat/layer_count,grad_dir/teacher_samples_global,grad_dir/on_samples_global,grad_dir/recorded,grad_dir/missing_reason,actor/on_pg_clipfrac,actor/on_pg_clipfrac_lower,actor/on_pg_cliphit_rate,actor/off_pg_cliphit_rate,actor/self_off_pg_cliphit_rate,actor/teacher_off_pg_cliphit_rate,_step_local
0.006751525681465864,0.006751525681465864,0.1457940936088562,0.04630863666534424,0.125,0.125,0.9011526703834534,-0.03406818211078644,0.11539450287818909,-0.009134352207183838,0.3571428656578064,1.0,0.3571428656578064,1.0,0.6428571428571428,0.2575393768188564,8.0,0.3571428571428571,0.4375,0.27703943848609924,0.12445206195116043,0.27703943848609924,0.4176396131515503,0.0,0.0,0.0,0.0,0.0,0.0,0.0,0.0,0.0,0.0,0.0,0.0,0.0,0.0,0.0,0.0,0.0,0.0,0.0,0.0,0.0,0.0,0.0,0.0,0.0,0.0,0.0,0.0,0.0,0.0,0.0,0.0,0.0,4.0,0.0,0.0,0.0,0.0,0.0,0.0,1
0.01290220208466053,0.01290220208466053,0.19081230461597443,0.06761724501848221,0.125,0.125,1.166955828666687,-0.020014388486742973,0.19827993214130402,0.0033129211515188217,0.1607142835855484,1.0,0.1607142835855484,1.0,0.8392857142857143,0.20748125068968304,8.0,0.1607142857142857,0.265625,0.320977121591568,0.1614515483379364,0.320977121591568,0.4668733477592468,0.0,0.0,0.0,0.0,0.0,0.0,0.0,0.0,0.0,0.0,0.0,0.0,0.0,0.0,0.0,0.0,0.0,0.0,0.0,0.0,0.0,0.0,0.0,0.0,0.0,0.0,0.0,0.0,0.0,0.0,0.0,0.0,0.0,4.0,0.0,0.0,0.0,0.0,0.0,0.0,2
0.013392159715294838,0.013392159715294838,0.15977820754051208,0.08381719142198563,0.125,0.125,1.2862861156463623,-0.018517758697271347,0.17941886186599731,-0.002232349244877696,0.1607142835855484,0.875,0.2857142984867096,1.0,0.7142857142857143,0.31134992453861954,8.0,0.2857142857142857,0.375,0.3666391968727112,0.14643341302871704,0.3666391968727112,0.4553612172603607,0.0,0.0,0.0,0.0,0.0,0.0,0.0,0.0,0.0,0.0,0.0,0.0,0.0,0.0,0.0,0.0,0.0,0.0,0.0,0.0,0.0,0.0,0.0,0.0,0.0,0.0,0.0,0.0,0.0,0.0,0.0,0.0,0.0,4.0,0.0,0.0,0.0,0.0,0.0,0.0,3
0.008366466499865055,0.008366466499865055,0.1346740573644638,0.06212381273508072,0.125,0.125,1.423891544342041,-0.02210155315697193,0.1665066033601761,-0.0008817416382953525,0.2142857164144516,1.0,0.2142857164144516,1.0,0.7857142857142857,0.1237179148263484,8.0,0.21428571428571427,0.3125,0.2804228961467743,0.11917990446090698,0.2804228961467743,0.4072818160057068,0.0,0.0,0.0,0.0,0.0,0.0,0.0,0.0,0.0,0.0,0.0,0.0,0.0,0.0,0.0,0.0,0.0,0.0,0.0,0.0,0.0,0.0,0.0,0.0,0.0,0.0,0.0,0.0,0.0,0.0,0.0,0.0,0.0,4.0,0.0,0.0,0.0,0.0,0.0,0.0,4
0.010392648167908192,0.010392648167908192,0.17522810399532318,0.059309251606464386,0.125,0.125,1.5150184631347656,-0.03247736766934395,0.1867012083530426,-0.0050286524929106236,0.2678571343421936,1.0,0.2678571343421936,1.0,0.7321428571428572,0.16656034023372884,8.0,0.26785714285714285,0.359375,0.33138033747673035,0.1657623052597046,0.33138033747673035,0.48413875699043274,0.0,0.0,0.0,0.0,0.0,0.0,0.0,0.0,0.0,0.0,0.0,0.0,0.0,0.0,0.0,0.0,0.0,0.0,0.0,0.0,0.0,0.0,0.0,0.0,0.0,0.0,0.0,0.0,0.0,0.0,0.0,0.0,0.0,4.0,0.0,0.0,0.0,0.0,0.0,0.0,5
0.004228945821523666,0.004228945821523666,0.11814817041158676,0.03579358011484146,0.109375,0.109375,0.6132230162620544,-0.004730765242129564,0.057609397917985916,1.3290266906551551e-05,0.15789473056793213,0.7142857313156128,0.4035087823867798,1.0,0.5306122448979591,0.44337879555919246,7.0,0.46938775510204084,0.5357142857142857,0.24103912711143494,0.10629980266094208,0.24103912711143494,0.38896533846855164,0.0,0.0,0.0,0.0,0.0,0.0,0.0,0.0,0.0,0.0,0.0,0.0,0.0,0.0,0.0,0.0,0.0,0.0,0.0,0.0,0.0,0.0,0.0,0.0,0.0,0.0,0.0,0.0,0.0,0.0,0.0,0.0,0.0,4.0,0.0,0.0,0.0,0.0,0.0,0.0,6
0.00469919154420495,0.00469919154420495,0.11311526596546173,0.0415433906018734,0.125,0.125,1.255130410194397,-0.015320089645683765,0.10985850542783737,0.0025766012258827686,0.25,1.0,0.25,1.0,0.75,0.2230356427999428,8.0,0.24999999999999997,0.34375,0.24456635117530823,0.09815539419651031,0.24456635117530823,0.3694421648979187,0.0,0.0,0.0,0.0,0.0,0.0,0.0,0.0,0.0,0.0,0.0,0.0,0.0,0.0,0.0,0.0,0.0,0.0,0.0,0.0,0.0,0.0,0.0,0.0,0.0,0.0,0.0,0.0,0.0,0.0,0.0,0.0,0.0,4.0,0.0,0.0,0.0,0.0,0.0,0.0,7
0.006596494931727648,0.006596494931727648,0.12569628655910492,0.052479635924100876,0.125,0.125,1.3381117582321167,-0.017199967056512833,0.15803922712802887,-0.0029018467757850885,0.125,1.0,0.125,1.0,0.875,0.11151782139997138,8.0,0.12499999999999999,0.234375,0.2327652871608734,0.11699625104665756,0.2327652871608734,0.4147282838821411,0.0,0.0,0.0,0.0,0.0,0.0,0.0,0.0,0.0,0.0,0.0,0.0,0.0,0.0,0.0,0.0,0.0,0.0,0.0,0.0,0.0,0.0,0.0,0.0,0.0,0.0,0.0,0.0,0.0,0.0,0.0,0.0,0.0,4.0,0.0,0.0,0.0,0.0,0.0,0.0,8
0.009790988638997078,0.009790988638997078,0.137848898768425,0.07102696597576141,0.125,0.125,1.3031530380249023,-0.025145869702100754,0.13527581095695496,-0.0028470808174461126,0.2142857164144516,0.875,0.3392857015132904,1.0,0.6607142857142858,0.3566961492042532,8.0,0.3392857142857143,0.421875,0.270445317029953,0.1323537528514862,0.270445317029953,0.4373606741428375,0.0,0.0,0.0,0.0,0.0,0.0,0.0,0.0,0.0,0.0,0.0,0.0,0.0,0.0,0.0,0.0,0.0,0.0,0.0,0.0,0.0,0.0,0.0,0.0,0.0,0.0,0.0,0.0,0.0,0.0,0.0,0.0,0.0,4.0,0.0,0.0,0.0,0.0,0.0,0.0,9
0.006875332444906235,0.006875332444906235,0.13862460851669312,0.04959676414728165,0.125,0.125,0.8963431715965271,-0.02342013642191887,0.09353567659854889,-0.0019050022820010781,0.3571428656578064,0.875,0.4821428656578064,1.0,0.5178571428571429,0.3707239195004767,8.0,0.4821428571428571,0.546875,0.32150572538375854,0.1322457194328308,0.32150572538375854,0.4443497657775879,0.0,0.0,0.0,0.0,0.0,0.0,0.0,0.0,0.0,0.0,0.0,0.0,0.0,0.0,0.0,0.0,0.0,0.0,0.0,0.0,0.0,0.0,0.0,0.0,0.0,0.0,0.0,0.0,0.0,0.0,0.0,0.0,0.0,4.0,0.0,0.0,0.0,0.0,0.0,0.0,10
0.011109046638011932,0.011109046638011932,0.15019355714321136,0.07396486401557922,0.125,0.125,1.2513487339019775,-0.02330649644136429,0.17602184414863586,-0.0025341680739074945,0.2678571343421936,1.0,0.2678571343421936,1.0,0.7321428571428572,0.24156695104408363,8.0,0.26785714285714285,0.359375,0.35952937602996826,0.1350141167640686,0.35952937602996826,0.4359028935432434,0.0,0.0,0.0,0.0,0.0,0.0,0.0,0.0,0.0,0.0,0.0,0.0,0.0,0.0,0.0,0.0,0.0,0.0,0.0,0.0,0.0,0.0,0.0,0.0,0.0,0.0,0.0,0.0,0.0,0.0,0.0,0.0,0.0,4.0,0.0,0.0,0.0,0.0,0.0,0.0,11
0.009496769867837429,0.009496769867837429,0.13409565389156342,0.07082086056470871,0.125,0.125,0.8302687406539917,-0.015007568523287773,0.08814435452222824,-0.0010106457630172372,0.25,0.875,0.375,1.0,0.625,0.3637776569189886,8.0,0.375,0.453125,0.3106512129306793,0.12369921058416367,0.3106512129306793,0.42422834038734436,0.0,0.0,0.0,0.0,0.0,0.0,0.0,0.0,0.0,0.0,0.0,0.0,0.0,0.0,0.0,0.0,0.0,0.0,0.0,0.0,0.0,0.0,0.0,0.0,0.0,0.0,0.0,0.0,0.0,0.0,0.0,0.0,0.0,4.0,0.0,0.0,0.0,0.0,0.0,0.0,12
0.008487117476761341,0.008487117476761341,0.12845461070537567,0.06607094407081604,0.125,0.125,0.7414582371711731,-0.034094005823135376,0.08058056980371475,-0.00505004171282053,0.4285714328289032,0.875,0.5535714030265808,1.0,0.44642857142857145,0.29827309086589404,8.0,0.5535714285714285,0.609375,0.29117316007614136,0.11500916630029678,0.29117316007614136,0.4060320556163788,0.0,0.0,0.0,0.0,0.0,0.0,0.0,0.0,0.0,0.0,0.0,0.0,0.0,0.0,0.0,0.0,0.0,0.0,0.0,0.0,0.0,0.0,0.0,0.0,0.0,0.0,0.0,0.0,0.0,0.0,0.0,0.0,0.0,4.0,0.0,0.0,0.0,0.0,0.0,0.0,13
0.007065842393785715,0.007065842393785715,0.12602292001247406,0.05606791377067566,0.125,0.125,0.9252535104751587,-0.017591265961527824,0.08002359420061111,0.000839939049910754,0.1607142835855484,0.75,0.4107142984867096,1.0,0.5892857142857143,0.36726721073577023,8.0,0.4107142857142857,0.484375,0.27190956473350525,0.12243640422821045,0.27190956473350525,0.4247362017631531,0.0,0.0,0.0,0.0,0.0,0.0,0.0,0.0,0.0,0.0,0.0,0.0,0.0,0.0,0.0,0.0,0.0,0.0,0.0,0.0,0.0,0.0,0.0,0.0,0.0,0.0,0.0,0.0,0.0,0.0,0.0,0.0,0.0,4.0,0.0,0.0,0.0,0.0,0.0,0.0,14
0.007428806275129318,0.007428806275129318,0.12751561403274536,0.05825800821185112,0.125,0.125,1.0482243299484253,-0.016952551901340485,0.09023961424827576,-0.00019365122716408223,0.25,0.875,0.375,1.0,0.625,0.3637776569189886,8.0,0.375,0.453125,0.25430309772491455,0.1263289898633957,0.25430309772491455,0.43007948994636536,0.0,0.0,0.0,0.0,0.0,0.0,0.0,0.0,0.0,0.0,0.0,0.0,0.0,0.0,0.0,0.0,0.0,0.0,0.0,0.0,0.0,0.0,0.0,0.0,0.0,0.0,0.0,0.0,0.0,0.0,0.0,0.0,0.0,4.0,0.0,0.0,0.0,0.0,,,15
0.00684988871216774,0.00684988871216774,0.12979362905025482,0.05277522653341293,0.125,0.125,1.1123840808868408,-0.02395031228661537,0.08879445493221283,0.0024751140736043453,0.1964285671710968,0.75,0.4464285671710968,1.0,0.5535714285714286,0.40049395521438935,8.0,0.4464285714285714,0.515625,0.2884736657142639,0.13162574172019958,0.2884736657142639,0.45142513513565063,0.0,0.0,0.0,0.0,0.0,0.0,0.0,0.0,0.0,0.0,0.0,0.0,0.0,0.0,0.0,0.0,0.0,0.0,0.0,0.0,0.0,0.0,0.0,0.0,0.0,0.0,0.0,0.0,0.0,0.0,0.0,0.0,0.0,4.0,0.0,0.0,0.0,0.0,0.0,0.0,16
0.013019714504480362,0.013019714504480362,0.15821176767349243,0.08229295909404755,0.125,0.125,1.1693087816238403,-0.03425155207514763,0.14068584144115448,-0.0031456288415938616,0.4107142984867096,0.875,0.5357142686843872,1.0,0.4642857142857143,0.3174355149041282,8.0,0.5357142857142857,0.59375,0.362002432346344,0.1551680862903595,0.362002432346344,0.47571370005607605,0.0,0.0,0.0,0.0,0.0,0.0,0.0,0.0,0.0,0.0,0.0,0.0,0.0,0.0,0.0,0.0,0.0,0.0,0.0,0.0,0.0,0.0,0.0,0.0,0.0,0.0,0.0,0.0,0.0,0.0,0.0,0.0,0.0,4.0,0.0,0.0,0.0,0.0,0.0,0.0,17
0.005709690507501364,0.005709690507501364,0.11274420469999313,0.05064287409186363,0.109375,0.109375,0.7088301777839661,-0.02975643053650856,0.08158867061138153,0.002490535844117403,0.5438596606254578,1.0,0.5438596606254578,1.0,0.40816326530612246,0.23447194475665425,7.0,0.5918367346938774,0.6428571428571429,0.3267017900943756,0.10979755222797394,0.3267017900943756,0.4028075635433197,0.0,0.0,0.0,0.0,0.0,0.0,0.0,0.0,0.0,0.0,0.0,0.0,0.0,0.0,0.0,0.0,0.0,0.0,0.0,0.0,0.0,0.0,0.0,0.0,0.0,0.0,0.0,0.0,0.0,0.0,0.0,0.0,0.0,4.0,0.0,0.0,0.0,0.0,0.0,0.0,18
0.010227484628558159,0.010227484628558159,0.17560826241970062,0.058240339159965515,0.125,0.125,1.3753098249435425,-0.04824117198586464,0.13059872388839722,-0.014441756531596184,0.3571428656578064,0.875,0.4821428656578064,1.0,0.5178571428571428,0.28515570397627343,8.0,0.48214285714285715,0.546875,0.25720131397247314,0.1720142662525177,0.25720131397247314,0.5097964406013489,0.0,0.0,0.0,0.0,0.0,0.0,0.0,0.0,0.0,0.0,0.0,0.0,0.0,0.0,0.0,0.0,0.0,0.0,0.0,0.0,0.0,0.0,0.0,0.0,0.0,0.0,0.0,0.0,0.0,0.0,0.0,0.0,0.0,4.0,0.0,0.0,0.0,0.0,0.0,0.0,19
0.0065095252357423306,0.0065095252357423306,0.13745230436325073,0.0473584309220314,0.125,0.125,1.1340667009353638,-0.04075261950492859,0.10000789165496826,-0.0027518426068127155,0.375,0.875,0.5,1.0,0.5,0.30304576336566325,8.0,0.5,0.5625,0.27144554257392883,0.14400988817214966,0.27144554257392883,0.4659770429134369,0.0,0.0,0.0,0.0,0.0,0.0,0.0,0.0,0.0,0.0,0.0,0.0,0.0,0.0,0.0,0.0,0.0,0.0,0.0,0.0,0.0,0.0,0.0,0.0,0.0,0.0,0.0,0.0,0.0,0.0,0.0,0.0,0.0,4.0,0.0,0.0,0.0,0.0,0.0,0.0,20
0.006544202566146851,0.006544202566146851,0.130884051322937,0.05000000074505806,0.125,0.125,1.18441903591156,-0.026829618960618973,0.1472960114479065,-0.0016223458806052804,0.4464285671710968,1.0,0.4464285671710968,1.0,0.5535714285714286,0.21943224513293766,8.0,0.4464285714285714,0.515625,0.3610674738883972,0.13939407467842102,0.3610674738883972,0.46094632148742676,0.0,0.0,0.0,0.0,0.0,0.0,0.0,0.0,0.0,0.0,0.0,0.0,0.0,0.0,0.0,0.0,0.0,0.0,0.0,0.0,0.0,0.0,0.0,0.0,0.0,0.0,0.0,0.0,0.0,0.0,0.0,0.0,0.0,4.0,0.0,0.0,0.0,0.0,0.0,0.0,21
0.008092149160802364,0.008092149160802364,0.14111727476119995,0.057343434542417526,0.109375,0.109375,1.0541986227035522,-0.03691070154309273,0.12762267887592316,-0.005790162365883589,0.45614033937454224,1.0,0.45614033937454224,1.0,0.5306122448979592,0.3121848681791501,7.0,0.4693877551020408,0.5357142857142857,0.3558714687824249,0.14309531450271606,0.3558714687824249,0.46367818117141724,0.0,0.0,0.0,0.0,0.0,0.0,0.0,0.0,0.0,0.0,0.0,0.0,0.0,0.0,0.0,0.0,0.0,0.0,0.0,0.0,0.0,0.0,0.0,0.0,0.0,0.0,0.0,0.0,0.0,0.0,0.0,0.0,0.0,4.0,0.0,0.0,0.0,0.0,0.0,0.0,22
0.00622583506628871,0.00622583506628871,0.11456117779016495,0.05434506759047508,0.125,0.125,0.9223669767379761,-0.027126088738441467,0.07528302818536758,-0.002377826254814863,0.3571428656578064,0.875,0.4821428656578064,1.0,0.5178571428571428,0.3345534641999142,8.0,0.48214285714285715,0.546875,0.26813456416130066,0.12446101009845734,0.26813456416130066,0.43863821029663086,0.0,0.0,0.0,0.0,0.0,0.0,0.0,0.0,0.0,0.0,0.0,0.0,0.0,0.0,0.0,0.0,0.0,0.0,0.0,0.0,0.0,0.0,0.0,0.0,0.0,0.0,0.0,0.0,0.0,0.0,0.0,0.0,0.0,4.0,0.0,0.0,0.0,0.0,0.0,0.0,23
0.009157729335129261,0.009157729335129261,0.15393739938735962,0.05948995426297188,0.125,0.125,1.1883137226104736,-0.01946554332971573,0.14377205073833466,-0.0006092930561862886,0.1785714328289032,0.75,0.4285714328289032,1.0,0.5714285714285714,0.34255939452233714,8.0,0.42857142857142855,0.5,0.35202261805534363,0.17072558403015137,0.35202261805534363,0.5130067467689514,0.0,0.0,0.0,0.0,0.0,0.0,0.0,0.0,0.0,0.0,0.0,0.0,0.0,0.0,0.0,0.0,0.0,0.0,0.0,0.0,0.0,0.0,0.0,0.0,0.0,0.0,0.0,0.0,0.0,0.0,0.0,0.0,0.0,4.0,0.0,0.0,0.0,0.0,0.0,0.0,24
0.007122520357370377,0.007122520357370377,0.13244062662124634,0.05377896875143051,0.109375,0.109375,0.8051844835281372,-0.036808956414461136,0.07240661233663559,-0.0074103763327002525,0.4385964870452881,1.0,0.4385964870452881,1.0,0.48979591836734687,0.18480377832933503,7.0,0.5102040816326531,0.5714285714285714,0.29094043374061584,0.13811250030994415,0.29094043374061584,0.4596025347709656,0.0,0.0,0.0,0.0,0.0,0.0,0.0,0.0,0.0,0.0,0.0,0.0,0.0,0.0,0.0,0.0,0.0,0.0,0.0,0.0,0.0,0.0,0.0,0.0,0.0,0.0,0.0,0.0,0.0,0.0,0.0,0.0,0.0,4.0,0.0,0.0,0.0,0.0,0.0,0.0,25
0.007830738089978695,0.007830738089978695,0.14159610867500305,0.05530334264039993,0.109375,0.109375,1.240221381187439,-0.01734457165002823,0.11104130744934082,-0.006351005751639605,0.28070175647735596,0.8571428656578064,0.4035087823867798,1.0,0.5510204081632654,0.35347975664670966,7.0,0.4489795918367347,0.5178571428571429,0.2918618321418762,0.14380314946174622,0.2918618321418762,0.4700261354446411,0.0,0.0,0.0,0.0,0.0,0.0,0.0,0.0,0.0,0.0,0.0,0.0,0.0,0.0,0.0,0.0,0.0,0.0,0.0,0.0,0.0,0.0,0.0,0.0,0.0,0.0,0.0,0.0,0.0,0.0,0.0,0.0,0.0,4.0,0.0,0.0,0.0,0.0,0.0,0.0,26
0.010438106954097748,0.010438106954097748,0.1270792931318283,0.0821385309100151,0.125,0.125,0.8327979445457458,-0.0444587878882885,0.093863345682621,-0.007820895873010159,0.5892857313156128,1.0,0.5892857313156128,1.0,0.4107142857142857,0.20748125068968304,8.0,0.5892857142857143,0.640625,0.3773331046104431,0.13483916223049164,0.3773331046104431,0.45784083008766174,0.0,0.0,0.0,0.0,0.0,0.0,0.0,0.0,0.0,0.0,0.0,0.0,0.0,0.0,0.0,0.0,0.0,0.0,0.0,0.0,0.0,0.0,0.0,0.0,0.0,0.0,0.0,0.0,0.0,0.0,0.0,0.0,0.0,4.0,0.0,0.0,0.0,0.0,0.0,0.0,27
0.004868044517934322,0.004868044517934322,0.08717914670705795,0.055839549750089645,0.125,0.125,0.9976924657821655,-0.03178374469280243,0.061996836215257645,-0.0038533189799636602,0.4642857015132904,1.0,0.4642857015132904,1.0,0.5357142857142857,0.15567496226930977,8.0,0.4642857142857143,0.53125,0.2971416115760803,0.0961654931306839,0.2971416115760803,0.3865983784198761,0.0,0.0,0.0,0.0,0.0,0.0,0.0,0.0,0.0,0.0,0.0,0.0,0.0,0.0,0.0,0.0,0.0,0.0,0.0,0.0,0.0,0.0,0.0,0.0,0.0,0.0,0.0,0.0,0.0,0.0,0.0,0.0,0.0,4.0,0.0,0.0,0.0,0.0,0.0,0.0,28
0.010083544068038464,0.010083544068038464,0.12987564504146576,0.07763998955488205,0.125,0.125,0.5883694887161255,-0.043287910521030426,0.04698926955461502,-0.005708826240152121,0.3571428656578064,0.625,0.7321428656578064,1.0,0.26785714285714285,0.2618371124752711,8.0,0.7321428571428571,0.765625,0.26310405135154724,0.14711861312389374,0.26310405135154724,0.4755253493785858,0.0,0.0,0.0,0.0,0.0,0.0,0.0,0.0,0.0,0.0,0.0,0.0,0.0,0.0,0.0,0.0,0.0,0.0,0.0,0.0,0.0,0.0,0.0,0.0,0.0,0.0,0.0,0.0,0.0,0.0,0.0,0.0,0.0,4.0,0.0,0.0,0.0,0.0,0.0,0.0,29
0.007091646082699299,0.007091646082699299,0.09596633166074753,0.07389722764492035,0.125,0.125,0.9843435287475586,-0.02692744880914688,0.08010467886924744,0.0007896675961092114,0.3928571343421936,0.875,0.5178571343421936,1.0,0.48214285714285715,0.26666400934050144,8.0,0.5178571428571428,0.578125,0.31266555190086365,0.10673588514328003,0.31266555190086365,0.40836405754089355,0.0,0.0,0.0,0.0,0.0,0.0,0.0,0.0,0.0,0.0,0.0,0.0,0.0,0.0,0.0,0.0,0.0,0.0,0.0,0.0,0.0,0.0,0.0,0.0,0.0,0.0,0.0,0.0,0.0,0.0,0.0,0.0,0.0,4.0,0.0,0.0,0.0,0.0,0.0,0.0,30
0.0061658825725317,0.0061658825725317,0.0983586385846138,0.06268775463104248,0.109375,0.109375,1.5320676565170288,-0.015892788767814636,0.15871191024780273,-0.0009143096394836903,0.19298245012760162,0.8571428656578064,0.31578946113586426,1.0,0.6530612244897959,0.30407478419900696,7.0,0.3469387755102041,0.42857142857142855,0.3507879078388214,0.11084336042404175,0.3507879078388214,0.42347365617752075,0.0,0.0,0.0,0.0,0.0,0.0,0.0,0.0,0.0,0.0,0.0,0.0,0.0,0.0,0.0,0.0,0.0,0.0,0.0,0.0,0.0,0.0,0.0,0.0,0.0,0.0,0.0,0.0,0.0,0.0,0.0,0.0,0.0,4.0,0.0,0.0,0.0,0.0,0.0,0.0,31
0.006940376944839954,0.006940376944839954,0.08993322402238846,0.07717255502939224,0.125,0.125,1.0527273416519165,-0.01905619353055954,0.0927218496799469,-0.003309843363240361,0.3392857015132904,1.0,0.3392857015132904,1.0,0.6607142857142857,0.25691954589175287,8.0,0.3392857142857143,0.421875,0.35804781317710876,0.09767263382673264,0.35804781317710876,0.3919530510902405,0.0,0.0,0.0,0.0,0.0,0.0,0.0,0.0,0.0,0.0,0.0,0.0,0.0,0.0,0.0,0.0,0.0,0.0,0.0,0.0,0.0,0.0,0.0,0.0,0.0,0.0,0.0,0.0,0.0,0.0,0.0,0.0,0.0,4.0,0.0,0.0,0.0,0.0,0.0,0.0,32
0.010716241784393787,0.010716241784393787,0.10577979683876038,0.10130707174539566,0.125,0.125,0.6114280223846436,-0.02302328124642372,0.06153521314263344,-0.0004832023405469954,0.5178571343421936,0.875,0.6428571343421936,1.0,0.35714285714285715,0.3030457633656632,8.0,0.6428571428571428,0.6875,0.3403264284133911,0.1251257359981537,0.3403264284133911,0.4462718069553375,0.0,0.0,0.0,0.0,0.0,0.0,0.0,0.0,0.0,0.0,0.0,0.0,0.0,0.0,0.0,0.0,0.0,0.0,0.0,0.0,0.0,0.0,0.0,0.0,0.0,0.0,0.0,0.0,0.0,0.0,0.0,0.0,0.0,4.0,0.0,0.0,0.0,0.0,0.0,0.0,33
0.0065820105373859406,0.0065820105373859406,0.08413931727409363,0.07822752743959427,0.125,0.125,0.6890257596969604,-0.020751461386680603,0.057971108704805374,0.00486217113211751,0.6428571343421936,1.0,0.6428571343421936,1.0,0.35714285714285715,0.21428571428571427,8.0,0.6428571428571428,0.6875,0.31609684228897095,0.0987129658460617,0.31609684228897095,0.3937107026576996,0.0,0.0,0.0,0.0,0.0,0.0,0.0,0.0,0.0,0.0,0.0,0.0,0.0,0.0,0.0,0.0,0.0,0.0,0.0,0.0,0.0,0.0,0.0,0.0,0.0,0.0,0.0,0.0,0.0,0.0,0.0,0.0,0.0,4.0,0.0,0.0,0.0,0.0,0.0,0.0,34
0.012765905819833279,0.012765905819833279,0.10496950149536133,0.12161538749933243,0.125,0.125,0.9820412397384644,-0.015592827461659908,0.11461867392063141,0.007839648053050041,0.4285714328289032,0.875,0.5535714030265808,1.0,0.4464285714285714,0.338344559312436,8.0,0.5535714285714286,0.609375,0.35013434290885925,0.11821278929710388,0.35013434290885925,0.4383341073989868,0.0,0.0,0.0,0.0,0.0,0.0,0.0,0.0,0.0,0.0,0.0,0.0,0.0,0.0,0.0,0.0,0.0,0.0,0.0,0.0,0.0,0.0,0.0,0.0,0.0,0.0,0.0,0.0,0.0,0.0,0.0,0.0,0.0,4.0,0.0,0.0,0.0,0.0,0.0,0.0,35
0.007642191834747791,0.007642191834747791,0.10477861016988754,0.07293656468391418,0.109375,0.109375,0.4582112729549408,-0.018416794016957283,0.07551827281713486,0.0017690119566395879,0.28070175647735596,0.5714285969734192,0.6491228342056274,1.0,0.2653061224489796,0.279822636751063,7.0,0.7346938775510203,0.7678571428571429,0.3504461944103241,0.13680897653102875,0.3504461944103241,0.4756488800048828,0.0,0.0,0.0,0.0,0.0,0.0,0.0,0.0,0.0,0.0,0.0,0.0,0.0,0.0,0.0,0.0,0.0,0.0,0.0,0.0,0.0,0.0,0.0,0.0,0.0,0.0,0.0,0.0,0.0,0.0,0.0,0.0,0.0,4.0,0.0,0.0,0.0,0.0,,,36
0.011132301762700081,0.011132301762700081,0.1029643788933754,0.10811799764633179,0.125,0.125,0.5988250374794006,-0.020226892083883286,0.07315325736999512,0.0004530907026492059,0.4464285671710968,0.75,0.6964285969734192,1.0,0.30357142857142855,0.24156695104408363,8.0,0.6964285714285714,0.734375,0.3208344578742981,0.11966047435998917,0.3208344578742981,0.448076993227005,0.0,0.0,0.0,0.0,0.0,0.0,0.0,0.0,0.0,0.0,0.0,0.0,0.0,0.0,0.0,0.0,0.0,0.0,0.0,0.0,0.0,0.0,0.0,0.0,0.0,0.0,0.0,0.0,0.0,0.0,0.0,0.0,0.0,4.0,0.0,0.0,0.0,0.0,0.0,0.0,37
0.005884548649191856,0.005884548649191856,0.07924472540616989,0.07425792515277863,0.109375,0.109375,0.8940935730934143,-0.02323908545076847,0.0874476209282875,0.003545823274180293,0.45614033937454224,0.8571428656578064,0.5789473652839661,1.0,0.38775510204081637,0.29291224682463923,7.0,0.6122448979591837,0.6607142857142857,0.3357542157173157,0.09941382706165314,0.3357542157173157,0.4056661128997803,0.0,0.0,0.0,0.0,0.0,0.0,0.0,0.0,0.0,0.0,0.0,0.0,0.0,0.0,0.0,0.0,0.0,0.0,0.0,0.0,0.0,0.0,0.0,0.0,0.0,0.0,0.0,0.0,0.0,0.0,0.0,0.0,0.0,4.0,0.0,0.0,0.0,0.0,0.0,0.0,38
0.008825951255857944,0.008825951255857944,0.07843027263879776,0.11253245174884796,0.109375,0.109375,1.2113925218582153,-0.01765483431518078,0.09470788389444351,0.0062042055651545525,0.38596490025520325,1.0,0.38596490025520325,1.0,0.5510204081632653,0.19360883633683956,7.0,0.44897959183673464,0.5178571428571429,0.3124701678752899,0.09267666190862656,0.3124701678752899,0.38386112451553345,0.0,0.0,0.0,0.0,0.0,0.0,0.0,0.0,0.0,0.0,0.0,0.0,0.0,0.0,0.0,0.0,0.0,0.0,0.0,0.0,0.0,0.0,0.0,0.0,0.0,0.0,0.0,0.0,0.0,0.0,0.0,0.0,0.0,4.0,0.0,0.0,0.0,0.0,0.0,0.0,39
0.007351556792855263,0.007351556792855263,0.07908302545547485,0.09295998513698578,0.125,0.125,0.9108805656433105,-0.018279079347848892,0.08747925609350204,0.0019111217698082328,0.3214285671710968,0.75,0.5714285969734192,1.0,0.4285714285714286,0.29450754468697576,8.0,0.5714285714285714,0.625,0.31182825565338135,0.10082073509693146,0.31182825565338135,0.4074034094810486,0.0,0.0,0.0,0.0,0.0,0.0,0.0,0.0,0.0,0.0,0.0,0.0,0.0,0.0,0.0,0.0,0.0,0.0,0.0,0.0,0.0,0.0,0.0,0.0,0.0,0.0,0.0,0.0,0.0,0.0,0.0,0.0,0.0,4.0,0.0,0.0,0.0,0.0,0.0,0.0,40
0.011893821880221367,0.011893821880221367,0.07794009149074554,0.15260209143161774,0.125,0.125,1.0827622413635254,-0.011219863779842854,0.11059810221195221,0.002041693078354001,0.4821428656578064,1.0,0.4821428656578064,1.0,0.5178571428571428,0.3189387696337813,8.0,0.4821428571428571,0.546875,0.38754281401634216,0.09152080118656158,0.38754281401634216,0.37921565771102905,0.0,0.0,0.0,0.0,0.0,0.0,0.0,0.0,0.0,0.0,0.0,0.0,0.0,0.0,0.0,0.0,0.0,0.0,0.0,0.0,0.0,0.0,0.0,0.0,0.0,0.0,0.0,0.0,0.0,0.0,0.0,0.0,0.0,4.0,0.0,0.0,0.0,0.0,0.0,0.0,41
0.0062205553986132145,0.0062205553986132145,0.0688835009932518,0.09030544757843018,0.109375,0.109375,1.257096290588379,-0.01266114879399538,0.11005454510450363,0.010016048327088356,0.4035087823867798,1.0,0.4035087823867798,1.0,0.5714285714285714,0.2414726442081476,7.0,0.4285714285714285,0.5,0.3441177308559418,0.09116180986166,0.3441177308559418,0.3846323490142822,0.0,0.0,0.0,0.0,0.0,0.0,0.0,0.0,0.0,0.0,0.0,0.0,0.0,0.0,0.0,0.0,0.0,0.0,0.0,0.0,0.0,0.0,0.0,0.0,0.0,0.0,0.0,0.0,0.0,0.0,0.0,0.0,0.0,4.0,0.0,0.0,0.0,0.0,,,42
0.006603930611163378,0.006603930611163378,0.07866651564836502,0.08394843339920044,0.125,0.125,0.7729109525680542,-0.013886524364352226,0.08944687247276306,0.005834710318595171,0.3214285671710968,0.875,0.4464285671710968,1.0,0.5535714285714286,0.3229132378575915,8.0,0.4464285714285714,0.515625,0.30226343870162964,0.10508770495653152,0.30226343870162964,0.4104553461074829,0.0,0.0,0.0,0.0,0.0,0.0,0.0,0.0,0.0,0.0,0.0,0.0,0.0,0.0,0.0,0.0,0.0,0.0,0.0,0.0,0.0,0.0,0.0,0.0,0.0,0.0,0.0,0.0,0.0,0.0,0.0,0.0,0.0,4.0,0.0,0.0,0.0,0.0,0.0,0.0,43
0.010389701463282108,0.010389701463282108,0.09069710224866867,0.11455384641885757,0.125,0.125,0.756043016910553,-0.028906986117362976,0.08030412346124649,-0.0031641533132642508,0.5892857313156128,1.0,0.5892857313156128,1.0,0.4107142857142857,0.21943224513293763,8.0,0.5892857142857143,0.640625,0.3170960545539856,0.10480329394340515,0.3170960545539856,0.41150161623954773,0.0,0.0,0.0,0.0,0.0,0.0,0.0,0.0,0.0,0.0,0.0,0.0,0.0,0.0,0.0,0.0,0.0,0.0,0.0,0.0,0.0,0.0,0.0,0.0,0.0,0.0,0.0,0.0,0.0,0.0,0.0,0.0,0.0,4.0,0.0,0.0,0.0,0.0,0.0,0.0,44
0.011385507881641388,0.011385507881641388,0.09711048752069473,0.11724282056093216,0.125,0.125,0.960608184337616,-0.025869131088256836,0.11232016980648041,-0.0013454101281240582,0.4107142984867096,0.875,0.5357142686843872,1.0,0.4642857142857143,0.2743266338524503,8.0,0.5357142857142857,0.59375,0.41953733563423157,0.1175609827041626,0.41953733563423157,0.4355302155017853,0.0,0.0,0.0,0.0,0.0,0.0,0.0,0.0,0.0,0.0,0.0,0.0,0.0,0.0,0.0,0.0,0.0,0.0,0.0,0.0,0.0,0.0,0.0,0.0,0.0,0.0,0.0,0.0,0.0,0.0,0.0,0.0,0.0,4.0,0.0,0.0,0.0,0.0,0.0,0.0,45
0.009822591207921505,0.009822591207921505,0.0819295272231102,0.1198907345533371,0.125,0.125,0.8025442361831665,-0.018961073830723763,0.08766642212867737,0.0031244009733200073,0.4107142984867096,0.875,0.5357142686843872,1.0,0.4642857142857143,0.3253726278265821,8.0,0.5357142857142857,0.59375,0.2734735906124115,0.10544835776090622,0.2734735906124115,0.41612696647644043,0.0,0.0,0.0,0.0,0.0,0.0,0.0,0.0,0.0,0.0,0.0,0.0,0.0,0.0,0.0,0.0,0.0,0.0,0.0,0.0,0.0,0.0,0.0,0.0,0.0,0.0,0.0,0.0,0.0,0.0,0.0,0.0,0.0,4.0,0.0,0.0,0.0,0.0,0.0,0.0,46
0.007293663453310728,0.007293663453310728,0.0632663145661354,0.11528510600328445,0.125,0.125,1.141729474067688,-0.010760936886072159,0.06561622023582458,0.001147691742517054,0.4107142984867096,0.875,0.5357142686843872,1.0,0.4642857142857143,0.36246041303900783,8.0,0.5357142857142857,0.59375,0.2717125415802002,0.08541429787874222,0.2717125415802002,0.37243905663490295,0.0,0.0,0.0,0.0,0.0,0.0,0.0,0.0,0.0,0.0,0.0,0.0,0.0,0.0,0.0,0.0,0.0,0.0,0.0,0.0,0.0,0.0,0.0,0.0,0.0,0.0,0.0,0.0,0.0,0.0,0.0,0.0,0.0,4.0,0.0,0.0,0.0,0.0,0.0,0.0,47
0.01043024193495512,0.01043024193495512,0.0881325900554657,0.1183471605181694,0.125,0.125,0.6981412172317505,-0.03163455054163933,0.07570314407348633,-0.004647721536457539,0.5535714030265808,0.875,0.6785714030265808,1.0,0.32142857142857145,0.2550510153051018,8.0,0.6785714285714286,0.71875,0.31620365381240845,0.11569005995988846,0.31620365381240845,0.43605995178222656,0.0,0.0,0.0,0.0,0.0,0.0,0.0,0.0,0.0,0.0,0.0,0.0,0.0,0.0,0.0,0.0,0.0,0.0,0.0,0.0,0.0,0.0,0.0,0.0,0.0,0.0,0.0,0.0,0.0,0.0,0.0,0.0,0.0,4.0,0.0,0.0,0.0,0.0,0.0,0.0,48
0.007731366436928511,0.007731366436928511,0.08299173414707184,0.09315826743841171,0.109375,0.109375,0.6847910284996033,-0.025577841326594353,0.06322962790727615,-0.006221438758075237,0.42105263471603394,0.8571428656578064,0.5438596606254578,1.0,0.36734693877551017,0.16829002553541472,7.0,0.6326530612244898,0.6785714285714286,0.3625791370868683,0.10861916095018387,0.3625791370868683,0.42165642976760864,0.0,0.0,0.0,0.0,0.0,0.0,0.0,0.0,0.0,0.0,0.0,0.0,0.0,0.0,0.0,0.0,0.0,0.0,0.0,0.0,0.0,0.0,0.0,0.0,0.0,0.0,0.0,0.0,0.0,0.0,0.0,0.0,0.0,4.0,0.0,0.0,0.0,0.0,0.0,0.0,49
0.014922868460416794,0.014922868460416794,0.1290416121482849,0.11564384400844574,0.125,0.125,0.6257323622703552,-0.06295843422412872,0.07884928584098816,0.0028129995334893465,0.4642857015132904,0.75,0.7142857313156128,1.0,0.2857142857142857,0.1889822365046136,8.0,0.7142857142857143,0.75,0.38358888030052185,0.1857227236032486,0.38358888030052185,0.563406229019165,0.0,0.0,0.0,0.0,0.0,0.0,0.0,0.0,0.0,0.0,0.0,0.0,0.0,0.0,0.0,0.0,0.0,0.0,0.0,0.0,0.0,0.0,0.0,0.0,0.0,0.0,0.0,0.0,0.0,0.0,0.0,0.0,0.0,4.0,0.0,0.0,0.0,0.0,0.0,0.0,50
0.010783886536955833,0.010783886536955833,0.10479400306940079,0.10290557146072388,0.125,0.125,0.5786902904510498,-0.04450049623847008,0.06181152164936066,-0.0036097702104598284,0.5892857313156128,0.875,0.7142857313156128,1.0,0.2857142857142857,0.2369017707396714,8.0,0.7142857142857142,0.75,0.3332175612449646,0.15084382891654968,0.3332175612449646,0.4953325688838959,0.0,0.0,0.0,0.0,0.0,0.0,0.0,0.0,0.0,0.0,0.0,0.0,0.0,0.0,0.0,0.0,0.0,0.0,0.0,0.0,0.0,0.0,0.0,0.0,0.0,0.0,0.0,0.0,0.0,0.0,0.0,0.0,0.0,4.0,0.0,0.0,0.0,0.0,0.0,0.0,51
0.008422975428402424,0.008422975428402424,0.08459582924842834,0.09956727176904678,0.125,0.125,0.7405989766120911,-0.037978947162628174,0.0686895027756691,-0.01149823423475027,0.6071428656578064,1.0,0.6071428656578064,1.0,0.39285714285714285,0.15567496226930977,8.0,0.6071428571428572,0.65625,0.3274007737636566,0.11016667634248734,0.3274007737636566,0.4286562502384186,0.0,0.0,0.0,0.0,0.0,0.0,0.0,0.0,0.0,0.0,0.0,0.0,0.0,0.0,0.0,0.0,0.0,0.0,0.0,0.0,0.0,0.0,0.0,0.0,0.0,0.0,0.0,0.0,0.0,0.0,0.0,0.0,0.0,4.0,0.0,0.0,0.0,0.0,0.0,0.0,52
0.013157583773136139,0.013157583773136139,0.08994952589273453,0.14627741277217865,0.125,0.125,0.7511584162712097,-0.023403888568282127,0.09534361213445663,-0.000551542267203331,0.4285714328289032,0.875,0.5535714030265808,1.0,0.4464285714285714,0.29827309086589404,8.0,0.5535714285714286,0.609375,0.3820810616016388,0.11316858977079391,0.3820810616016388,0.4276939332485199,0.0,0.0,0.0,0.0,0.0,0.0,0.0,0.0,0.0,0.0,0.0,0.0,0.0,0.0,0.0,0.0,0.0,0.0,0.0,0.0,0.0,0.0,0.0,0.0,0.0,0.0,0.0,0.0,0.0,0.0,0.0,0.0,0.0,4.0,0.0,0.0,0.0,0.0,0.0,0.0,53
0.007132955826818943,0.007132955826818943,0.08842606097459793,0.08066576719284058,0.125,0.125,0.8796537518501282,-0.028864435851573944,0.09002267569303513,0.0005060256225988269,0.5,1.0,0.5,1.0,0.5,0.1889822365046136,8.0,0.5,0.5625,0.28703564405441284,0.11681097745895386,0.28703564405441284,0.4383081793785095,0.0,0.0,0.0,0.0,0.0,0.0,0.0,0.0,0.0,0.0,0.0,0.0,0.0,0.0,0.0,0.0,0.0,0.0,0.0,0.0,0.0,0.0,0.0,0.0,0.0,0.0,0.0,0.0,0.0,0.0,0.0,0.0,0.0,4.0,0.0,0.0,0.0,0.0,0.0,0.0,54
0.01075423788279295,0.01075423788279295,0.0819428563117981,0.13124069571495056,0.125,0.125,0.6441668272018433,-0.011551440693438053,0.050636935979127884,0.000705093436408788,0.2857142984867096,0.75,0.5357142686843872,1.0,0.4642857142857143,0.42708074082504993,8.0,0.5357142857142857,0.59375,0.35818782448768616,0.1104661375284195,0.35818782448768616,0.42809242010116577,0.0,0.0,0.0,0.0,0.0,0.0,0.0,0.0,0.0,0.0,0.0,0.0,0.0,0.0,0.0,0.0,0.0,0.0,0.0,0.0,0.0,0.0,0.0,0.0,0.0,0.0,0.0,0.0,0.0,0.0,0.0,0.0,0.0,4.0,0.0,0.0,0.0,0.0,0.0,0.0,55
0.00940907932817936,0.00940907932817936,0.08036410808563232,0.11708060652017593,0.125,0.125,0.910468578338623,-0.021640118211507797,0.10140470415353775,-0.007420601788908243,0.375,0.875,0.5,1.0,0.5,0.31943828249996997,8.0,0.49999999999999994,0.5625,0.39768415689468384,0.10003461688756943,0.39768415689468384,0.4068354070186615,0.0,0.0,0.0,0.0,0.0,0.0,0.0,0.0,0.0,0.0,0.0,0.0,0.0,0.0,0.0,0.0,0.0,0.0,0.0,0.0,0.0,0.0,0.0,0.0,0.0,0.0,0.0,0.0,0.0,0.0,0.0,0.0,0.0,4.0,0.0,0.0,0.0,0.0,0.0,0.0,56
0.010047622956335545,0.010047622956335545,0.08705615252256393,0.11541542410850525,0.125,0.125,0.38584601879119873,-0.02882497012615204,0.03954360634088516,0.0012329441960901022,0.5892857313156128,0.75,0.8392857313156128,1.0,0.16071428571428575,0.13243211584099399,8.0,0.8392857142857143,0.859375,0.31681981682777405,0.13630926609039307,0.31681981682777405,0.4735645651817322,0.0,0.0,0.0,0.0,0.0,0.0,0.0,0.0,0.0,0.0,0.0,0.0,0.0,0.0,0.0,0.0,0.0,0.0,0.0,0.0,0.0,0.0,0.0,0.0,0.0,0.0,0.0,0.0,0.0,0.0,0.0,0.0,0.0,4.0,0.0,0.0,0.0,0.0,0.0,0.0,57
0.0057748472318053246,0.0057748472318053246,0.09648149460554123,0.059854455292224884,0.109375,0.109375,0.46803295612335205,-0.024872180074453354,0.04628544673323631,-0.0030866304878145456,0.4385964870452881,0.7142857313156128,0.6842105388641357,1.0,0.2653061224489796,0.2465927749713178,7.0,0.7346938775510203,0.7678571428571429,0.30256232619285583,0.1348738670349121,0.30256232619285583,0.4676540493965149,0.0,0.0,0.0,0.0,0.0,0.0,0.0,0.0,0.0,0.0,0.0,0.0,0.0,0.0,0.0,0.0,0.0,0.0,0.0,0.0,0.0,0.0,0.0,0.0,0.0,0.0,0.0,0.0,0.0,0.0,0.0,0.0,0.0,4.0,0.0,0.0,0.0,0.0,0.0,0.0,58
0.005977245979011059,0.005977245979011059,0.07270283252000809,0.08221476525068283,0.125,0.125,1.105353832244873,-0.02022523805499077,0.08470514416694641,-0.003644020762294531,0.2857142984867096,0.875,0.4107142984867096,1.0,0.5892857142857143,0.23076514255928723,8.0,0.4107142857142857,0.484375,0.2813225984573364,0.09179667383432388,0.2813225984573364,0.3830225169658661,0.0,0.0,0.0,0.0,0.0,0.0,0.0,0.0,0.0,0.0,0.0,0.0,0.0,0.0,0.0,0.0,0.0,0.0,0.0,0.0,0.0,0.0,0.0,0.0,0.0,0.0,0.0,0.0,0.0,0.0,0.0,0.0,0.0,4.0,0.0,0.0,0.0,0.0,,,59
0.00996482465416193,0.00996482465416193,0.10354556143283844,0.09623613953590393,0.109375,0.109375,0.8562623262405396,-0.028838446363806725,0.11607402563095093,1.2022884448015247e-06,0.45614033937454224,0.8571428656578064,0.5789473652839661,1.0,0.4693877551020408,0.3390458719558398,7.0,0.5306122448979592,0.5892857142857143,0.36652708053588867,0.13343632221221924,0.36652708053588867,0.460752010345459,0.0,0.0,0.0,0.0,0.0,0.0,0.0,0.0,0.0,0.0,0.0,0.0,0.0,0.0,0.0,0.0,0.0,0.0,0.0,0.0,0.0,0.0,0.0,0.0,0.0,0.0,0.0,0.0,0.0,0.0,0.0,0.0,0.0,4.0,0.0,0.0,0.0,0.0,0.0,0.0,60
0.014531291089951992,0.014531291089951992,0.1077045127749443,0.13491812348365784,0.125,0.125,1.2158877849578857,-0.02165667712688446,0.16000892221927643,-0.0027996685821563005,0.375,1.0,0.375,1.0,0.625,0.26666400934050144,8.0,0.375,0.453125,0.41379839181900024,0.1263585388660431,0.41379839181900024,0.44929420948028564,0.0,0.0,0.0,0.0,0.0,0.0,0.0,0.0,0.0,0.0,0.0,0.0,0.0,0.0,0.0,0.0,0.0,0.0,0.0,0.0,0.0,0.0,0.0,0.0,0.0,0.0,0.0,0.0,0.0,0.0,0.0,0.0,0.0,4.0,0.0,0.0,0.0,0.0,0.0,0.0,61
0.015525399707257748,0.015525399707257748,0.11220478266477585,0.13836665451526642,0.125,0.125,1.0385267734527588,-0.0315658263862133,0.13093125820159912,-0.0024411536287516356,0.5357142686843872,1.0,0.5357142686843872,1.0,0.4642857142857143,0.19884872724392935,8.0,0.5357142857142857,0.59375,0.412504106760025,0.14306074380874634,0.412504106760025,0.484195739030838,0.0,0.0,0.0,0.0,0.0,0.0,0.0,0.0,0.0,0.0,0.0,0.0,0.0,0.0,0.0,0.0,0.0,0.0,0.0,0.0,0.0,0.0,0.0,0.0,0.0,0.0,0.0,0.0,0.0,0.0,0.0,0.0,0.0,4.0,0.0,0.0,0.0,0.0,0.0,0.0,62
0.00978193711489439,0.00978193711489439,0.07869654893875122,0.12429945170879364,0.125,0.125,0.5521849393844604,-0.03434659540653229,0.03954581171274185,-0.00024821501574479043,0.5178571343421936,0.75,0.7678571343421936,1.0,0.23214285714285715,0.1881366741580846,8.0,0.7678571428571428,0.796875,0.2943013608455658,0.12093359977006912,0.2943013608455658,0.44896194338798523,0.0,0.0,0.0,0.0,0.0,0.0,0.0,0.0,0.0,0.0,0.0,0.0,0.0,0.0,0.0,0.0,0.0,0.0,0.0,0.0,0.0,0.0,0.0,0.0,0.0,0.0,0.0,0.0,0.0,0.0,0.0,0.0,0.0,4.0,0.0,0.0,0.0,0.0,0.0,0.0,63
0.013369438238441944,0.013369438238441944,0.10070908814668655,0.13275304436683655,0.125,0.125,0.8960018754005432,-0.026713015511631966,0.09224479645490646,6.55947151244618e-05,0.3571428656578064,0.75,0.6071428656578064,1.0,0.39285714285714285,0.34069257193462343,8.0,0.6071428571428571,0.65625,0.3382242023944855,0.12865065038204193,0.3382242023944855,0.4563162326812744,0.0,0.0,0.0,0.0,0.0,0.0,0.0,0.0,0.0,0.0,0.0,0.0,0.0,0.0,0.0,0.0,0.0,0.0,0.0,0.0,0.0,0.0,0.0,0.0,0.0,0.0,0.0,0.0,0.0,0.0,0.0,0.0,0.0,4.0,0.0,0.0,0.0,0.0,0.0,0.0,64
0.010071294382214546,0.010071294382214546,0.08846499025821686,0.11384496837854385,0.125,0.125,0.7890838384628296,-0.012783723883330822,0.06831714510917664,-0.0011535228695720434,0.3035714328289032,0.625,0.6785714030265808,1.0,0.32142857142857145,0.3174355149041282,8.0,0.6785714285714286,0.71875,0.319100558757782,0.11821115761995316,0.319100558757782,0.43274277448654175,0.0,0.0,0.0,0.0,0.0,0.0,0.0,0.0,0.0,0.0,0.0,0.0,0.0,0.0,0.0,0.0,0.0,0.0,0.0,0.0,0.0,0.0,0.0,0.0,0.0,0.0,0.0,0.0,0.0,0.0,0.0,0.0,0.0,4.0,0.0,0.0,0.0,0.0,0.0,0.0,65
0.008315598592162132,0.008315598592162132,0.08582812547683716,0.09688663482666016,0.125,0.125,0.8568264245986938,-0.024153467267751694,0.09434676170349121,0.00016189154121093452,0.3928571343421936,0.875,0.5178571343421936,1.0,0.4821428571428572,0.26666400934050144,8.0,0.5178571428571428,0.578125,0.3061196804046631,0.10926850885152817,0.3061196804046631,0.418035089969635,0.0,0.0,0.0,0.0,0.0,0.0,0.0,0.0,0.0,0.0,0.0,0.0,0.0,0.0,0.0,0.0,0.0,0.0,0.0,0.0,0.0,0.0,0.0,0.0,0.0,0.0,0.0,0.0,0.0,0.0,0.0,0.0,0.0,4.0,0.0,0.0,0.0,0.0,0.0,0.0,66
0.014202287420630455,0.014202287420630455,0.10797406733036041,0.13153424859046936,0.125,0.125,0.9141649007797241,-0.017051273956894875,0.10004591941833496,0.0002250942779937759,0.4285714328289032,0.875,0.5535714030265808,1.0,0.44642857142857145,0.33071891388307384,8.0,0.5535714285714286,0.609375,0.3450726270675659,0.13827762007713318,0.3450726270675659,0.4731507897377014,0.0,0.0,0.0,0.0,0.0,0.0,0.0,0.0,0.0,0.0,0.0,0.0,0.0,0.0,0.0,0.0,0.0,0.0,0.0,0.0,0.0,0.0,0.0,0.0,0.0,0.0,0.0,0.0,0.0,0.0,0.0,0.0,0.0,4.0,0.0,0.0,0.0,0.0,,,67
0.005704451352357864,0.005704451352357864,0.07892102748155594,0.07228049635887146,0.09375,0.09375,0.5450651049613953,-0.016726750880479813,0.06080170348286629,-0.0039261081255972385,0.32758620381355286,0.6666666865348816,0.568965494632721,1.0,0.2619047619047619,0.2392827528838307,6.0,0.7380952380952381,0.7708333333333334,0.2986092269420624,0.1003100797533989,0.2986092269420624,0.3983463644981384,0.0,0.0,0.0,0.0,0.0,0.0,0.0,0.0,0.0,0.0,0.0,0.0,0.0,0.0,0.0,0.0,0.0,0.0,0.0,0.0,0.0,0.0,0.0,0.0,0.0,0.0,0.0,0.0,0.0,0.0,0.0,0.0,0.0,4.0,0.0,0.0,0.0,0.0,0.0,0.0,68
0.014796976931393147,0.014796976931393147,0.1131446585059166,0.13077928125858307,0.125,0.125,0.6190743446350098,-0.032443951815366745,0.07817547768354416,-0.00276884320192039,0.4464285671710968,0.75,0.6964285969734192,1.0,0.3035714285714286,0.21943224513293763,8.0,0.6964285714285714,0.734375,0.37836864590644836,0.14406096935272217,0.37836864590644836,0.48532724380493164,0.0,0.0,0.0,0.0,0.0,0.0,0.0,0.0,0.0,0.0,0.0,0.0,0.0,0.0,0.0,0.0,0.0,0.0,0.0,0.0,0.0,0.0,0.0,0.0,0.0,0.0,0.0,0.0,0.0,0.0,0.0,0.0,0.0,4.0,0.0,0.0,0.0,0.0,0.0,0.0,69
0.007132331375032663,0.007132331375032663,0.0800812840461731,0.08906365185976028,0.125,0.125,0.679075300693512,-0.01691507361829281,0.055250685662031174,0.005008045583963394,0.4464285671710968,0.875,0.5714285969734192,1.0,0.4285714285714286,0.2857142857142857,8.0,0.5714285714285714,0.625,0.3097308278083801,0.10618657618761063,0.3097308278083801,0.4184908866882324,0.0,0.0,0.0,0.0,0.0,0.0,0.0,0.0,0.0,0.0,0.0,0.0,0.0,0.0,0.0,0.0,0.0,0.0,0.0,0.0,0.0,0.0,0.0,0.0,0.0,0.0,0.0,0.0,0.0,0.0,0.0,0.0,0.0,4.0,0.0,0.0,0.0,0.0,0.0,0.0,70
0.00878944993019104,0.00878944993019104,0.09025348722934723,0.09738626331090927,0.125,0.125,0.5178858041763306,-0.033444084227085114,0.06363382190465927,-0.0009379530674777925,0.5714285969734192,0.875,0.6964285969734192,1.0,0.3035714285714286,0.18123020651950392,8.0,0.6964285714285714,0.734375,0.30174413323402405,0.11878196895122528,0.30174413323402405,0.43568891286849976,0.0,0.0,0.0,0.0,0.0,0.0,0.0,0.0,0.0,0.0,0.0,0.0,0.0,0.0,0.0,0.0,0.0,0.0,0.0,0.0,0.0,0.0,0.0,0.0,0.0,0.0,0.0,0.0,0.0,0.0,0.0,0.0,0.0,4.0,0.0,0.0,0.0,0.0,0.0,0.0,71
0.013796721585094929,0.013796721585094929,0.09307572990655899,0.1482311338186264,0.125,0.125,0.25514695048332214,-0.024968313053250313,0.01315959170460701,-0.0017914504278451204,0.2857142984867096,0.375,0.9107142686843872,1.0,0.08928571428571429,0.12242240357859006,8.0,0.9107142857142858,0.921875,0.21888531744480133,0.13915619254112244,0.21888531744480133,0.48227769136428833,0.0,0.0,0.0,0.0,0.0,0.0,0.0,0.0,0.0,0.0,0.0,0.0,0.0,0.0,0.0,0.0,0.0,0.0,0.0,0.0,0.0,0.0,0.0,0.0,0.0,0.0,0.0,0.0,0.0,0.0,0.0,0.0,0.0,4.0,0.0,0.0,0.0,0.0,0.0,0.0,72
0.013360287062823772,0.013360287062823772,0.12873747944831848,0.10377930849790573,0.125,0.125,0.8092166781425476,-0.039118070155382156,0.08304254710674286,-0.004227273631840944,0.3928571343421936,0.75,0.6428571343421936,1.0,0.3571428571428571,0.24743582965269675,8.0,0.6428571428571428,0.6875,0.33602383732795715,0.16821134090423584,0.33602383732795715,0.5154235363006592,0.0,0.0,0.0,0.0,0.0,0.0,0.0,0.0,0.0,0.0,0.0,0.0,0.0,0.0,0.0,0.0,0.0,0.0,0.0,0.0,0.0,0.0,0.0,0.0,0.0,0.0,0.0,0.0,0.0,0.0,0.0,0.0,0.0,4.0,0.0,0.0,0.0,0.0,0.0,0.0,73
0.010278575122356415,0.010278575122356415,0.0823901817202568,0.12475486099720001,0.125,0.125,0.4504348337650299,-0.025270136073231697,0.03718723729252815,-0.0026768024545162916,0.4642857015132904,0.75,0.7142857313156128,1.0,0.2857142857142857,0.3030457633656632,8.0,0.7142857142857143,0.75,0.2733507454395294,0.10833721607923508,0.2733507454395294,0.42436501383781433,0.0,0.0,0.0,0.0,0.0,0.0,0.0,0.0,0.0,0.0,0.0,0.0,0.0,0.0,0.0,0.0,0.0,0.0,0.0,0.0,0.0,0.0,0.0,0.0,0.0,0.0,0.0,0.0,0.0,0.0,0.0,0.0,0.0,4.0,0.0,0.0,0.0,0.0,0.0,0.0,74
0.008606328628957272,0.008606328628957272,0.0774708092212677,0.1110912412405014,0.125,0.125,0.4964313209056854,-0.03242110833525658,0.05046459287405014,-0.0023253795225173235,0.5892857313156128,0.875,0.7142857313156128,1.0,0.2857142857142857,0.24743582965269675,8.0,0.7142857142857142,0.75,0.27996912598609924,0.10122403502464294,0.27996912598609924,0.40112948417663574,0.0,0.0,0.0,0.0,0.0,0.0,0.0,0.0,0.0,0.0,0.0,0.0,0.0,0.0,0.0,0.0,0.0,0.0,0.0,0.0,0.0,0.0,0.0,0.0,0.0,0.0,0.0,0.0,0.0,0.0,0.0,0.0,0.0,4.0,0.0,0.0,0.0,0.0,0.0,0.0,75
0.007110718637704849,0.007110718637704849,0.08581595867872238,0.08286010473966599,0.125,0.125,1.0015372037887573,-0.01843307539820671,0.08006122708320618,0.0009693896281532943,0.2321428507566452,0.75,0.4821428656578064,1.0,0.5178571428571429,0.3842399069883931,8.0,0.4821428571428571,0.546875,0.2482369840145111,0.10388371348381042,0.2482369840145111,0.39809560775756836,0.0,0.0,0.0,0.0,0.0,0.0,0.0,0.0,0.0,0.0,0.0,0.0,0.0,0.0,0.0,0.0,0.0,0.0,0.0,0.0,0.0,0.0,0.0,0.0,0.0,0.0,0.0,0.0,0.0,0.0,0.0,0.0,0.0,4.0,0.0,0.0,0.0,0.0,0.0,0.0,76
0.007494904566556215,0.007494904566556215,0.08767695724964142,0.08548317104578018,0.125,0.125,0.4277556836605072,-0.02969253808259964,0.0521666444838047,0.0009335339418612421,0.5,0.875,0.625,1.0,0.375,0.28515570397627343,8.0,0.625,0.671875,0.34027764201164246,0.11291830241680145,0.34027764201164246,0.42323464155197144,0.0,0.0,0.0,0.0,0.0,0.0,0.0,0.0,0.0,0.0,0.0,0.0,0.0,0.0,0.0,0.0,0.0,0.0,0.0,0.0,0.0,0.0,0.0,0.0,0.0,0.0,0.0,0.0,0.0,0.0,0.0,0.0,0.0,4.0,0.0,0.0,0.0,0.0,0.0,0.0,77
0.010363880544900894,0.010363880544900894,0.0927627682685852,0.11172457039356232,0.125,0.125,0.4909042716026306,-0.03684774041175842,0.054909709841012955,-0.0023867685813456774,0.5892857313156128,0.875,0.7142857313156128,1.0,0.2857142857142857,0.24743582965269675,8.0,0.7142857142857142,0.75,0.27634483575820923,0.11698520928621292,0.27634483575820923,0.4325878322124481,0.0,0.0,0.0,0.0,0.0,0.0,0.0,0.0,0.0,0.0,0.0,0.0,0.0,0.0,0.0,0.0,0.0,0.0,0.0,0.0,0.0,0.0,0.0,0.0,0.0,0.0,0.0,0.0,0.0,0.0,0.0,0.0,0.0,4.0,0.0,0.0,0.0,0.0,0.0,0.0,78
0.012740500271320343,0.012740500271320343,0.11701228469610214,0.10888172686100006,0.125,0.125,0.5731868743896484,-0.04151013121008873,0.06261933594942093,0.0019979055505245924,0.625,0.875,0.75,1.0,0.25,0.17127969726116854,8.0,0.75,0.78125,0.2787238657474518,0.15142537653446198,0.2787238657474518,0.4871236979961395,0.0,0.0,0.0,0.0,0.0,0.0,0.0,0.0,0.0,0.0,0.0,0.0,0.0,0.0,0.0,0.0,0.0,0.0,0.0,0.0,0.0,0.0,0.0,0.0,0.0,0.0,0.0,0.0,0.0,0.0,0.0,0.0,0.0,4.0,0.0,0.0,0.0,0.0,0.0,0.0,79
0.004514753818511963,0.004514753818511963,0.09473198652267456,0.047658175230026245,0.109375,0.109375,0.7603556513786316,-0.02103276178240776,0.06525976210832596,-0.0011516683734953403,0.5087719559669495,1.0,0.5087719559669495,1.0,0.4897959183673469,0.37297279352034823,7.0,0.5102040816326531,0.5714285714285714,0.2555268108844757,0.1147151067852974,0.2555268108844757,0.4260074198246002,0.0,0.0,0.0,0.0,0.0,0.0,0.0,0.0,0.0,0.0,0.0,0.0,0.0,0.0,0.0,0.0,0.0,0.0,0.0,0.0,0.0,0.0,0.0,0.0,0.0,0.0,0.0,0.0,0.0,0.0,0.0,0.0,0.0,4.0,0.0,0.0,0.0,0.0,,,80
0.011660111136734486,0.011660111136734486,0.09318595379590988,0.12512734532356262,0.125,0.125,0.6039928197860718,-0.03412064537405968,0.06031936779618263,-0.0029097532387822866,0.4642857015132904,0.75,0.7142857313156128,1.0,0.2857142857142857,0.2672612419124244,8.0,0.7142857142857143,0.75,0.24740003049373627,0.11693494021892548,0.24740003049373627,0.4304971396923065,0.0,0.0,0.0,0.0,0.0,0.0,0.0,0.0,0.0,0.0,0.0,0.0,0.0,0.0,0.0,0.0,0.0,0.0,0.0,0.0,0.0,0.0,0.0,0.0,0.0,0.0,0.0,0.0,0.0,0.0,0.0,0.0,0.0,4.0,0.0,0.0,0.0,0.0,0.0,0.0,81
0.01793590933084488,0.01793590933084488,0.13594093918800354,0.13193899393081665,0.125,0.125,0.2976154685020447,-0.03739270195364952,0.060381002724170685,-0.005118255037814379,0.4285714328289032,0.625,0.8035714030265808,1.0,0.19642857142857142,0.2012397798140115,8.0,0.8035714285714286,0.828125,0.3594459295272827,0.1740964949131012,0.3594459295272827,0.529166579246521,0.0,0.0,0.0,0.0,0.0,0.0,0.0,0.0,0.0,0.0,0.0,0.0,0.0,0.0,0.0,0.0,0.0,0.0,0.0,0.0,0.0,0.0,0.0,0.0,0.0,0.0,0.0,0.0,0.0,0.0,0.0,0.0,0.0,4.0,0.0,0.0,0.0,0.0,,,82
0.011152256280183792,0.011152256280183792,0.10525407642126083,0.1059555783867836,0.125,0.125,0.4404946565628052,-0.04902801290154457,0.052275512367486954,-0.006398190278559923,0.6428571343421936,0.875,0.7678571343421936,1.0,0.23214285714285715,0.1417366773784602,8.0,0.7678571428571428,0.796875,0.28325414657592773,0.11873573809862137,0.28325414657592773,0.4344784915447235,0.0,0.0,0.0,0.0,0.0,0.0,0.0,0.0,0.0,0.0,0.0,0.0,0.0,0.0,0.0,0.0,0.0,0.0,0.0,0.0,0.0,0.0,0.0,0.0,0.0,0.0,0.0,0.0,0.0,0.0,0.0,0.0,0.0,4.0,0.0,0.0,0.0,0.0,0.0,0.0,83
0.014144803397357464,0.014144803397357464,0.11436852067708969,0.12367742508649826,0.125,0.125,0.40118005871772766,-0.03314156085252762,0.036497194319963455,-0.004465259611606598,0.4285714328289032,0.625,0.8035714030265808,1.0,0.19642857142857142,0.1881366741580846,8.0,0.8035714285714286,0.828125,0.25801920890808105,0.14044542610645294,0.25801920890808105,0.47276878356933594,0.0,0.0,0.0,0.0,0.0,0.0,0.0,0.0,0.0,0.0,0.0,0.0,0.0,0.0,0.0,0.0,0.0,0.0,0.0,0.0,0.0,0.0,0.0,0.0,0.0,0.0,0.0,0.0,0.0,0.0,0.0,0.0,0.0,4.0,0.0,0.0,0.0,0.0,0.0,0.0,84
0.008058195002377033,0.008058195002377033,0.0909477174282074,0.08860249817371368,0.125,0.125,0.7017748355865479,-0.036103978753089905,0.04754628613591194,-0.0006930815288797021,0.5892857313156128,0.875,0.7142857313156128,1.0,0.2857142857142857,0.20203050891044214,8.0,0.7142857142857143,0.75,0.28368163108825684,0.11000952124595642,0.28368163108825684,0.4253532290458679,0.0,0.0,0.0,0.0,0.0,0.0,0.0,0.0,0.0,0.0,0.0,0.0,0.0,0.0,0.0,0.0,0.0,0.0,0.0,0.0,0.0,0.0,0.0,0.0,0.0,0.0,0.0,0.0,0.0,0.0,0.0,0.0,0.0,4.0,0.0,0.0,0.0,0.0,0.0,0.0,85
0.013345721177756786,0.013345721177756786,0.10216149687767029,0.13063357770442963,0.125,0.125,0.3276609480381012,-0.026228120550513268,0.02364904060959816,-0.0004780821909662336,0.5,0.625,0.875,1.0,0.12500000000000003,0.132432115840994,8.0,0.875,0.890625,0.2950253188610077,0.1276777982711792,0.2950253188610077,0.45585328340530396,0.0,0.0,0.0,0.0,0.0,0.0,0.0,0.0,0.0,0.0,0.0,0.0,0.0,0.0,0.0,0.0,0.0,0.0,0.0,0.0,0.0,0.0,0.0,0.0,0.0,0.0,0.0,0.0,0.0,0.0,0.0,0.0,0.0,4.0,0.0,0.0,0.0,0.0,0.0,0.0,86
0.012375646270811558,0.012375646270811558,0.08839823305606842,0.13999879360198975,0.125,0.125,0.22768114507198334,-0.02558170072734356,0.019937710836529732,-0.0019230262842029333,0.4107142984867096,0.5,0.9107142686843872,1.0,0.0892857142857143,0.09942436362196469,8.0,0.9107142857142858,0.921875,0.25984564423561096,0.11678192019462585,0.25984564423561096,0.4329233467578888,0.0,0.0,0.0,0.0,0.0,0.0,0.0,0.0,0.0,0.0,0.0,0.0,0.0,0.0,0.0,0.0,0.0,0.0,0.0,0.0,0.0,0.0,0.0,0.0,0.0,0.0,0.0,0.0,0.0,0.0,0.0,0.0,0.0,4.0,0.0,0.0,0.0,0.0,0.0,0.0,87
0.009141496382653713,0.009141496382653713,0.09040436148643494,0.10111786425113678,0.125,0.125,0.3830280900001526,-0.033438220620155334,0.05455242097377777,-0.0031113552395254374,0.5535714030265808,0.75,0.8035714030265808,1.0,0.19642857142857145,0.17404989901444576,8.0,0.8035714285714286,0.828125,0.27185407280921936,0.11429130285978317,0.27185407280921936,0.43557536602020264,0.0,0.0,0.0,0.0,0.0,0.0,0.0,0.0,0.0,0.0,0.0,0.0,0.0,0.0,0.0,0.0,0.0,0.0,0.0,0.0,0.0,0.0,0.0,0.0,0.0,0.0,0.0,0.0,0.0,0.0,0.0,0.0,0.0,4.0,0.0,0.0,0.0,0.0,0.0,0.0,88
0.009810270741581917,0.009810270741581917,0.0915960744023323,0.1071036159992218,0.125,0.125,0.36675187945365906,-0.039402373135089874,0.040570396929979324,-0.004138533491641283,0.7142857313156128,0.875,0.8392857313156128,1.0,0.16071428571428575,0.08563984863058427,8.0,0.8392857142857143,0.859375,0.2623615860939026,0.1102295070886612,0.2623615860939026,0.4236423373222351,0.0,0.0,0.0,0.0,0.0,0.0,0.0,0.0,0.0,0.0,0.0,0.0,0.0,0.0,0.0,0.0,0.0,0.0,0.0,0.0,0.0,0.0,0.0,0.0,0.0,0.0,0.0,0.0,0.0,0.0,0.0,0.0,0.0,4.0,0.0,0.0,0.0,0.0,0.0,0.0,89
0.009258203208446503,0.009258203208446503,0.09922197461128235,0.0933079943060875,0.125,0.125,0.46719929575920105,-0.02573043666779995,0.05660202354192734,-0.0027312387246638536,0.3392857015132904,0.625,0.7142857313156128,1.0,0.2857142857142857,0.30304576336566325,8.0,0.7142857142857143,0.75,0.24980099499225616,0.12590338289737701,0.24980099499225616,0.4561516344547272,0.0,0.0,0.0,0.0,0.0,0.0,0.0,0.0,0.0,0.0,0.0,0.0,0.0,0.0,0.0,0.0,0.0,0.0,0.0,0.0,0.0,0.0,0.0,0.0,0.0,0.0,0.0,0.0,0.0,0.0,0.0,0.0,0.0,4.0,0.0,0.0,0.0,0.0,0.0,0.0,90
0.009142936207354069,0.009142936207354069,0.10317185521125793,0.08861850947141647,0.125,0.125,0.4792717397212982,-0.032849352806806564,0.04705911874771118,-0.0015417906688526273,0.3928571343421936,0.625,0.7678571343421936,1.0,0.23214285714285715,0.21354037041252497,8.0,0.7678571428571428,0.796875,0.27716442942619324,0.12687379121780396,0.27716442942619324,0.44559934735298157,0.0,0.0,0.0,0.0,0.0,0.0,0.0,0.0,0.0,0.0,0.0,0.0,0.0,0.0,0.0,0.0,0.0,0.0,0.0,0.0,0.0,0.0,0.0,0.0,0.0,0.0,0.0,0.0,0.0,0.0,0.0,0.0,0.0,4.0,0.0,0.0,0.0,0.0,0.0,0.0,91
0.011738080531358719,0.011738080531358719,0.10921956598758698,0.10747232288122177,0.109375,0.109375,0.4624093174934387,-0.018327051773667336,0.0784933790564537,0.002376943826675415,0.35087719559669495,0.7142857313156128,0.5964912176132202,1.0,0.32653061224489793,0.3121848681791501,7.0,0.673469387755102,0.7142857142857143,0.3087603449821472,0.12145765870809555,0.3087603449821472,0.4299742579460144,0.0,0.0,0.0,0.0,0.0,0.0,0.0,0.0,0.0,0.0,0.0,0.0,0.0,0.0,0.0,0.0,0.0,0.0,0.0,0.0,0.0,0.0,0.0,0.0,0.0,0.0,0.0,0.0,0.0,0.0,0.0,0.0,0.0,4.0,0.0,0.0,0.0,0.0,,,92
0.013642391189932823,0.013642391189932823,0.12764394283294678,0.10687848925590515,0.125,0.125,0.5615426301956177,-0.0185098834335804,0.06805326789617538,0.0017974775983020663,0.375,0.625,0.75,1.0,0.25,0.22303564279994278,8.0,0.75,0.78125,0.31779223680496216,0.15083155035972595,0.31779223680496216,0.4898456633090973,0.0,0.0,0.0,0.0,0.0,0.0,0.0,0.0,0.0,0.0,0.0,0.0,0.0,0.0,0.0,0.0,0.0,0.0,0.0,0.0,0.0,0.0,0.0,0.0,0.0,0.0,0.0,0.0,0.0,0.0,0.0,0.0,0.0,4.0,0.0,0.0,0.0,0.0,0.0,0.0,93
0.012706381268799305,0.012706381268799305,0.09684284776449203,0.1312061846256256,0.125,0.125,0.283649742603302,-0.03215274214744568,0.029386963695287704,0.002396718133240938,0.375,0.5,0.875,1.0,0.125,0.13243211584099399,8.0,0.875,0.890625,0.2720928490161896,0.13631032407283783,0.2720928490161896,0.4773116111755371,0.0,0.0,0.0,0.0,0.0,0.0,0.0,0.0,0.0,0.0,0.0,0.0,0.0,0.0,0.0,0.0,0.0,0.0,0.0,0.0,0.0,0.0,0.0,0.0,0.0,0.0,0.0,0.0,0.0,0.0,0.0,0.0,0.0,4.0,0.0,0.0,0.0,0.0,0.0,0.0,94
0.012085477821528912,0.012085477821528912,0.0985368862748146,0.12264927476644516,0.125,0.125,0.24268348515033722,-0.015999531373381615,0.032295338809490204,0.0010811189422383904,0.125,0.25,0.875,1.0,0.125,0.24156695104408363,8.0,0.875,0.890625,0.22194929420948029,0.13339079916477203,0.22194929420948029,0.4574825167655945,0.0,0.0,0.0,0.0,0.0,0.0,0.0,0.0,0.0,0.0,0.0,0.0,0.0,0.0,0.0,0.0,0.0,0.0,0.0,0.0,0.0,0.0,0.0,0.0,0.0,0.0,0.0,0.0,0.0,0.0,0.0,0.0,0.0,4.0,0.0,0.0,0.0,0.0,0.0,0.0,95
0.012943140231072903,0.012943140231072903,0.09046941250562668,0.14306648075580597,0.125,0.125,0.5023216605186462,-0.025327734649181366,0.049008145928382874,-0.0012228016275912523,0.4107142984867096,0.625,0.7857142686843872,1.0,0.2142857142857143,0.22587697572631282,8.0,0.7857142857142857,0.8125,0.26660504937171936,0.11113929003477097,0.26660504937171936,0.428396612405777,0.0,0.0,0.0,0.0,0.0,0.0,0.0,0.0,0.0,0.0,0.0,0.0,0.0,0.0,0.0,0.0,0.0,0.0,0.0,0.0,0.0,0.0,0.0,0.0,0.0,0.0,0.0,0.0,0.0,0.0,0.0,0.0,0.0,4.0,0.0,0.0,0.0,0.0,0.0,0.0,96
0.011514863930642605,0.011514863930642605,0.09775767475366592,0.1177898645401001,0.109375,0.109375,0.3545060157775879,-0.02790866792201996,0.04151013866066933,-0.002650102134793997,0.5263158082962036,0.7142857313156128,0.7719298005104065,1.0,0.18367346938775514,0.2254155309630053,7.0,0.8163265306122448,0.8392857142857143,0.22068583965301514,0.11831474304199219,0.22068583965301514,0.43604934215545654,0.0,0.0,0.0,0.0,0.0,0.0,0.0,0.0,0.0,0.0,0.0,0.0,0.0,0.0,0.0,0.0,0.0,0.0,0.0,0.0,0.0,0.0,0.0,0.0,0.0,0.0,0.0,0.0,0.0,0.0,0.0,0.0,0.0,4.0,0.0,0.0,0.0,0.0,0.0,0.0,97
0.00833202339708805,0.00833202339708805,0.11278624832630157,0.07387445867061615,0.125,0.125,0.325185626745224,-0.03513132408261299,0.04656394571065903,-0.0015878368867561221,0.3928571343421936,0.625,0.7678571343421936,1.0,0.23214285714285712,0.2012397798140115,8.0,0.7678571428571429,0.796875,0.24278141558170319,0.1424800604581833,0.24278141558170319,0.4827350676059723,0.0,0.0,0.0,0.0,0.0,0.0,0.0,0.0,0.0,0.0,0.0,0.0,0.0,0.0,0.0,0.0,0.0,0.0,0.0,0.0,0.0,0.0,0.0,0.0,0.0,0.0,0.0,0.0,0.0,0.0,0.0,0.0,0.0,4.0,0.0,0.0,0.0,0.0,0.0,0.0,98
0.014567958191037178,0.014567958191037178,0.08888377994298935,0.16389894485473633,0.125,0.125,0.26524320244789124,-0.027140114456415176,0.019465256482362747,-0.002540040295571089,0.3571428656578064,0.5,0.8571428656578064,1.0,0.14285714285714285,0.1749635530559413,8.0,0.8571428571428572,0.875,0.2577795088291168,0.10190454125404358,0.2577795088291168,0.3962506949901581,0.0,0.0,0.0,0.0,0.0,0.0,0.0,0.0,0.0,0.0,0.0,0.0,0.0,0.0,0.0,0.0,0.0,0.0,0.0,0.0,0.0,0.0,0.0,0.0,0.0,0.0,0.0,0.0,0.0,0.0,0.0,0.0,0.0,4.0,0.0,0.0,0.0,0.0,,,99
0.01139700599014759,0.01139700599014759,0.09015582501888275,0.12641452252864838,0.125,0.125,0.47700947523117065,-0.0354280062019825,0.03986303508281708,-0.0051856799982488155,0.4107142984867096,0.625,0.7857142686843872,1.0,0.2142857142857143,0.2672612419124244,8.0,0.7857142857142858,0.8125,0.2780759334564209,0.10255122184753418,0.2780759334564209,0.40453165769577026,0.0,0.0,0.0,0.0,0.0,0.0,0.0,0.0,0.0,0.0,0.0,0.0,0.0,0.0,0.0,0.0,0.0,0.0,0.0,0.0,0.0,0.0,0.0,0.0,0.0,0.0,0.0,0.0,0.0,0.0,0.0,0.0,0.0,4.0,0.0,0.0,0.0,0.0,0.0,0.0,100
