step,n,teacher_n,succ_all,outcome_all,succ_teacher,outcome_teacher,resp_tokens_teacher_mean,succ_on,outcome_on,resp_tokens_on_mean,on_n
1,64,8,0.34375,0.4375,0.25,1.0,2308.25,0.35714285714285715,0.35714285714285715,5367.375,56
2,64,8,0.15625,0.265625,0.125,1.0,2714.0,0.16071428571428573,0.16071428571428573,4449.5,56
3,64,8,0.265625,0.375,0.125,1.0,4158.25,0.2857142857142857,0.2857142857142857,5238.267857142857,56
4,64,8,0.25,0.3125,0.5,1.0,3561.625,0.21428571428571427,0.21428571428571427,6210.196428571428,56
5,64,8,0.25,0.359375,0.125,1.0,3030.875,0.26785714285714285,0.26785714285714285,4972.625,56
6,64,7,0.40625,0.46875,0.42857142857142855,1.0,2382.4285714285716,0.40350877192982454,0.40350877192982454,6328.456140350877,57
7,64,8,0.234375,0.34375,0.125,1.0,3285.375,0.25,0.25,7267.553571428572,56
8,64,8,0.125,0.234375,0.125,1.0,3621.25,0.125,0.125,7208.642857142857,56
9,64,8,0.328125,0.421875,0.25,1.0,3475.0,0.3392857142857143,0.3392857142857143,5148.339285714285,56
10,64,8,0.484375,0.546875,0.5,1.0,2351.375,0.48214285714285715,0.48214285714285715,5206.678571428572,56
11,64,8,0.28125,0.359375,0.375,1.0,3313.25,0.26785714285714285,0.26785714285714285,5292.571428571428,56
12,64,8,0.375,0.453125,0.375,1.0,3983.625,0.375,0.375,5613.464285714285,56
13,64,8,0.578125,0.609375,0.75,1.0,3783.875,0.5535714285714286,0.5535714285714286,5106.660714285715,56
14,64,8,0.390625,0.484375,0.25,1.0,2933.875,0.4107142857142857,0.4107142857142857,5572.982142857143,56
15,64,8,0.375,0.453125,0.375,1.0,3447.625,0.375,0.375,5596.232142857143,56
16,64,8,0.453125,0.515625,0.5,1.0,2808.375,0.44642857142857145,0.44642857142857145,5143.732142857143,56
17,64,8,0.53125,0.59375,0.5,1.0,3564.5,0.5357142857142857,0.5357142857142857,4228.107142857143,56
18,64,7,0.546875,0.59375,0.5714285714285714,1.0,3472.1428571428573,0.543859649122807,0.543859649122807,6096.824561403509,57
19,64,8,0.5,0.546875,0.625,1.0,2852.0,0.48214285714285715,0.48214285714285715,4085.0178571428573,56
20,64,8,0.46875,0.5625,0.25,1.0,2543.0,0.5,0.5,4906.464285714285,56
21,64,8,0.453125,0.515625,0.5,1.0,2610.0,0.44642857142857145,0.44642857142857145,5777.625,56
22,64,7,0.453125,0.515625,0.42857142857142855,1.0,3092.1428571428573,0.45614035087719296,0.45614035087719296,4986.087719298245,57
23,64,8,0.46875,0.546875,0.375,1.0,3280.25,0.48214285714285715,0.48214285714285715,5669.410714285715,56
24,64,8,0.4375,0.5,0.5,1.0,2996.875,0.42857142857142855,0.42857142857142855,4630.053571428572,56
25,64,7,0.453125,0.5,0.5714285714285714,1.0,3777.5714285714284,0.43859649122807015,0.43859649122807015,5223.508771929824,57
26,64,7,0.421875,0.46875,0.5714285714285714,1.0,3470.8571428571427,0.40350877192982454,0.40350877192982454,5277.771929824561,57
27,64,8,0.578125,0.640625,0.5,1.0,2877.625,0.5892857142857143,0.5892857142857143,4577.5,56
28,64,8,0.4375,0.53125,0.25,1.0,4449.0,0.4642857142857143,0.4642857142857143,7218.125,56
29,64,8,0.6875,0.765625,0.375,1.0,2792.875,0.7321428571428571,0.7321428571428571,3215.464285714286,56
30,64,8,0.515625,0.578125,0.5,1.0,3159.625,0.5178571428571429,0.5178571428571429,5277.196428571428,56
31,64,7,0.3125,0.390625,0.2857142857142857,1.0,3510.8571428571427,0.3157894736842105,0.3157894736842105,6278.087719298245,57
32,64,8,0.34375,0.421875,0.375,1.0,4826.5,0.3392857142857143,0.3392857142857143,6779.732142857143,56
33,64,8,0.625,0.6875,0.5,1.0,3735.875,0.6428571428571429,0.6428571428571429,4128.785714285715,56
34,64,8,0.65625,0.6875,0.75,1.0,2968.875,0.6428571428571429,0.6428571428571429,4944.946428571428,56
35,64,8,0.578125,0.609375,0.75,1.0,3748.25,0.5535714285714286,0.5535714285714286,3887.589285714286,56
36,64,7,0.640625,0.6875,0.5714285714285714,1.0,1278.7142857142858,0.6491228070175439,0.6491228070175439,3173.964912280702,57
37,64,8,0.703125,0.734375,0.75,1.0,2220.625,0.6964285714285714,0.6964285714285714,3474.8214285714284,56
38,64,7,0.578125,0.625,0.5714285714285714,1.0,2313.5714285714284,0.5789473684210527,0.5789473684210527,4086.5263157894738,57
39,64,7,0.375,0.453125,0.2857142857142857,1.0,4675.0,0.38596491228070173,0.38596491228070173,5371.263157894737,57
40,64,8,0.59375,0.625,0.75,1.0,1956.125,0.5714285714285714,0.5714285714285714,3704.160714285714,56
41,64,8,0.5,0.546875,0.625,1.0,3715.125,0.48214285714285715,0.48214285714285715,4540.928571428572,56
42,64,7,0.421875,0.46875,0.5714285714285714,1.0,3103.5714285714284,0.40350877192982454,0.40350877192982454,4988.7192982456145,57
43,64,8,0.40625,0.515625,0.125,1.0,1895.75,0.44642857142857145,0.44642857142857145,4342.232142857143,56
44,64,8,0.609375,0.640625,0.75,1.0,3869.5,0.5892857142857143,0.5892857142857143,4524.357142857143,56
45,64,8,0.53125,0.59375,0.5,1.0,2612.0,0.5357142857142857,0.5357142857142857,4015.2678571428573,56
46,64,8,0.53125,0.59375,0.5,1.0,2797.625,0.5357142857142857,0.5357142857142857,3988.910714285714,56
47,64,8,0.53125,0.59375,0.5,1.0,3902.625,0.5357142857142857,0.5357142857142857,5115.214285714285,56
48,64,8,0.6875,0.71875,0.75,1.0,3252.0,0.6785714285714286,0.6785714285714286,3468.0178571428573,56
49,64,7,0.5625,0.59375,0.7142857142857143,1.0,3281.285714285714,0.543859649122807,0.543859649122807,4330.543859649123,57
50,64,8,0.71875,0.75,0.75,1.0,1560.5,0.7142857142857143,0.7142857142857143,2117.6785714285716,56
51,64,8,0.71875,0.75,0.75,1.0,2180.125,0.7142857142857143,0.7142857142857143,2925.8571428571427,56
52,64,8,0.578125,0.65625,0.375,1.0,3420.625,0.6071428571428571,0.6071428571428571,4828.428571428572,56
53,64,8,0.546875,0.609375,0.5,1.0,3195.0,0.5535714285714286,0.5535714285714286,4079.25,56
54,64,8,0.484375,0.5625,0.375,1.0,2807.5,0.5,0.5,4816.160714285715,56
55,64,8,0.53125,0.59375,0.5,1.0,3559.875,0.5357142857142857,0.5357142857142857,4323.428571428572,56
56,64,8,0.46875,0.5625,0.25,1.0,3138.625,0.5,0.5,5089.589285714285,56
57,64,8,0.859375,0.859375,1.0,1.0,2697.625,0.8392857142857143,0.8392857142857143,3199.339285714286,56
58,64,7,0.703125,0.71875,0.8571428571428571,1.0,1926.0,0.6842105263157895,0.6842105263157895,3986.2631578947367,57
59,64,8,0.4375,0.484375,0.625,1.0,4235.125,0.4107142857142857,0.4107142857142857,6568.017857142857,56
60,64,7,0.578125,0.625,0.5714285714285714,1.0,2130.714285714286,0.5789473684210527,0.5789473684210527,3618.6491228070176,57
61,64,8,0.34375,0.453125,0.125,1.0,3569.5,0.375,0.375,4734.910714285715,56
62,64,8,0.546875,0.59375,0.625,1.0,3173.75,0.5357142857142857,0.5357142857142857,3829.910714285714,56
63,64,8,0.75,0.796875,0.625,1.0,3090.5,0.7678571428571429,0.7678571428571429,3404.875,56
64,64,8,0.609375,0.65625,0.625,1.0,3411.5,0.6071428571428571,0.6071428571428571,3403.4464285714284,56
65,64,8,0.671875,0.71875,0.625,1.0,3145.0,0.6785714285714286,0.6785714285714286,3751.125,56
66,64,8,0.53125,0.578125,0.625,1.0,3545.125,0.5178571428571429,0.5178571428571429,4746.160714285715,56
67,64,8,0.546875,0.609375,0.5,1.0,3490.375,0.5535714285714286,0.5535714285714286,3883.214285714286,56
68,64,6,0.578125,0.609375,0.6666666666666666,1.0,4130.833333333333,0.5689655172413793,0.5689655172413793,5653.827586206897,58
69,64,8,0.6875,0.734375,0.625,1.0,3256.375,0.6964285714285714,0.6964285714285714,3279.535714285714,56
70,64,8,0.5625,0.625,0.5,1.0,3683.875,0.5714285714285714,0.5714285714285714,5229.714285714285,56
71,64,8,0.6875,0.734375,0.625,1.0,3502.625,0.6964285714285714,0.6964285714285714,4139.928571428572,56
72,64,8,0.90625,0.921875,0.875,1.0,2826.0,0.9107142857142857,0.9107142857142857,2421.75,56
73,64,8,0.625,0.6875,0.5,1.0,2753.875,0.6428571428571429,0.6428571428571429,3493.375,56
74,64,8,0.71875,0.75,0.75,1.0,4344.75,0.7142857142857143,0.7142857142857143,4242.071428571428,56
75,64,8,0.703125,0.75,0.625,1.0,4217.5,0.7142857142857143,0.7142857142857143,4553.589285714285,56
76,64,8,0.484375,0.546875,0.5,1.0,3911.125,0.48214285714285715,0.48214285714285715,5267.482142857143,56
77,64,8,0.625,0.671875,0.625,1.0,3276.125,0.625,0.625,4718.839285714285,56
78,64,8,0.71875,0.75,0.75,1.0,4252.125,0.7142857142857143,0.7142857142857143,3681.1428571428573,56
79,64,8,0.765625,0.78125,0.875,1.0,2424.0,0.75,0.75,2969.910714285714,56
80,64,7,0.5,0.5625,0.42857142857142855,1.0,2544.4285714285716,0.5087719298245614,0.5087719298245614,5547.456140350877,57
81,64,8,0.6875,0.75,0.5,1.0,4118.25,0.7142857142857143,0.7142857142857143,3738.089285714286,56
82,64,8,0.78125,0.828125,0.625,1.0,2928.75,0.8035714285714286,0.8035714285714286,2759.589285714286,56
83,64,8,0.765625,0.796875,0.75,1.0,3990.875,0.7678571428571429,0.7678571428571429,3982.125,56
84,64,8,0.796875,0.828125,0.75,1.0,3989.75,0.8035714285714286,0.8035714285714286,2942.1785714285716,56
85,64,8,0.71875,0.75,0.75,1.0,3835.625,0.7142857142857143,0.7142857142857143,4327.303571428572,56
86,64,8,0.859375,0.890625,0.75,1.0,3130.75,0.875,0.875,3031.660714285714,56
87,64,8,0.921875,0.921875,1.0,1.0,3483.625,0.9107142857142857,0.9107142857142857,2864.3571428571427,56
88,64,8,0.8125,0.828125,0.875,1.0,3182.875,0.8035714285714286,0.8035714285714286,3803.75,56
89,64,8,0.828125,0.859375,0.75,1.0,3735.375,0.8392857142857143,0.8392857142857143,3547.375,56
90,64,8,0.703125,0.75,0.625,1.0,2417.25,0.7142857142857143,0.7142857142857143,3726.3571428571427,56
91,64,8,0.75,0.796875,0.625,1.0,2271.125,0.7678571428571429,0.7678571428571429,3288.8035714285716,56
92,64,7,0.59375,0.640625,0.5714285714285714,1.0,3442.8571428571427,0.5964912280701754,0.5964912280701754,4104.368421052632,57
93,64,8,0.78125,0.78125,1.0,1.0,2064.125,0.75,0.75,2936.910714285714,56
94,64,8,0.890625,0.890625,1.0,1.0,2167.25,0.875,0.875,2215.839285714286,56
95,64,8,0.875,0.890625,0.875,1.0,2928.125,0.875,0.875,2443.75,56
96,64,8,0.765625,0.8125,0.625,1.0,4076.625,0.7857142857142857,0.7857142857142857,3054.410714285714,56
97,64,7,0.78125,0.796875,0.8571428571428571,1.0,4104.857142857143,0.7719298245614035,0.7719298245614035,3487.684210526316,57
98,64,8,0.796875,0.796875,1.0,1.0,2141.625,0.7678571428571429,0.7678571428571429,3101.7321428571427,56
99,64,8,0.875,0.875,1.0,1.0,4721.875,0.8571428571428571,0.8571428571428571,3596.0714285714284,56
100,64,8,0.78125,0.8125,0.75,1.0,4280.25,0.7857142857142857,0.7857142857142857,3991.875,56
