diag/exp_token_ratio,diag/llm_token_ratio_in_response,diag/teacher_llm_token_ratio,diag/teacher_sample_ratio,diag/offpolicy_sample_ratio,diag/adv_teacher_sample_mean,diag/adv_onpolicy_sample_mean,diag/teacher_adv_pos_ratio,diag/group_teacher_minus_on_reward_std,diag/group_gap_count,diag/entropy_offpolicy_token_mean,diag/entropy_onpolicy_token_std,_step,critic/rewards_onpolicy/mean,critic/rewards/mean,actor/entropy_loss,actor/kl_loss,actor/pg_loss,diag/teacher_token_ratio,diag/adv_teacher_token_mean,diag/adv_onpolicy_token_mean,diag/onpolicy_adv_pos_ratio,diag/reward_onpolicy_mean,diag/reward_teacher_mean,diag/group_teacher_minus_on_reward_mean,diag/group_non_teacher_reward_mean,diag/group_all_reward_mean,diag/entropy_teacher_token_mean,diag/entropy_onpolicy_token_mean,label
0.007228600326925516,0.14847156405448914,0.04868676885962486,0.125,0.125,0.12116310000419617,-0.011349879205226898,1.0,0.24156695104408363,8.0,0.27703943848609924,0.4131515622138977,1,0.4464285671710968,0.515625,0.12450799345970154,0.0031733233481645584,-0.06012674421072006,0.007228600326925516,1.0124363899230957,-0.04652845859527588,0.4464285671710968,0.4464285671710968,1.0,0.5535714285714286,0.4464285714285714,0.515625,0.27703943848609924,0.12339738011360168,Exp-1 (7.1 baseline-sep only)
0.012543336488306522,0.18975430727005005,0.06610304117202759,0.125,0.125,0.170619398355484,0.0015956570859998465,1.0,0.1855768722395226,8.0,0.32000187039375305,0.4674915075302124,2,0.1785714328289032,0.28125,0.16312915086746216,0.0038783911149948835,-0.13441569730639458,0.012543336488306522,1.0085915327072144,-0.016459684818983078,0.1785714328289032,0.1785714328289032,1.0,0.8214285714285714,0.17857142857142855,0.28125,0.32000187039375305,0.1611364185810089,Exp-1 (7.1 baseline-sep only)
0.014249227941036224,0.15580329298973083,0.09145653247833252,0.125,0.125,0.14963072538375854,-0.00013197319640312344,0.875,0.33071891388307384,8.0,0.3706962764263153,0.43888846039772034,3,0.3035714328289032,0.390625,0.14179182052612305,0.0067048645578324795,0.016484683379530907,0.014249227941036224,0.9655604362487793,-0.02130025438964367,0.1785714328289032,0.3035714328289032,1.0,0.6964285714285714,0.3035714285714286,0.390625,0.3706962764263153,0.1384829580783844,Exp-1 (7.1 baseline-sep only)
0.00859350897371769,0.13571903109550476,0.06331837922334671,0.125,0.125,0.13711395859718323,-0.004462812095880508,1.0,0.15567496226930982,8.0,0.28585800528526306,0.3952658176422119,4,0.3214285671710968,0.40625,0.11577876657247543,0.0023011795710772276,0.09941410273313522,0.00859350897371769,1.1859936714172363,-0.02804998867213726,0.3214285671710968,0.3214285671710968,1.0,0.6785714285714286,0.3214285714285714,0.40625,0.28585800528526306,0.11430452018976212,Exp-1 (7.1 baseline-sep only)
0.010234322398900986,0.17433156073093414,0.05870607867836952,0.125,0.125,0.1706143021583557,-0.0016261658165603876,1.0,0.22303564279994278,8.0,0.3410371243953705,0.4805186092853546,5,0.25,0.34375,0.1665130853652954,0.010744079016149044,-0.1919923909008503,0.010234322398900986,1.4425123929977417,-0.021752480417490005,0.25,0.25,1.0,0.75,0.24999999999999997,0.34375,0.3410371243953705,0.1647084802389145,Exp-1 (7.1 baseline-sep only)
0.004361525643616915,0.12227848917245865,0.035668790340423584,0.109375,0.109375,0.08845148235559464,-0.0024086316116154194,1.0,0.28278380531736774,7.0,0.24965530633926392,0.399637907743454,6,0.42105263471603394,0.484375,0.1130596473813057,0.005035002250224352,-0.031676070764660835,0.004361525643616915,0.9003806114196777,-0.028197111561894417,0.42105263471603394,0.42105263471603394,1.0,0.5306122448979591,0.4693877551020408,0.5357142857142857,0.24965530633926392,0.11246127635240555,Exp-1 (7.1 baseline-sep only)
0.0052539086900651455,0.11567889153957367,0.045418042689561844,0.125,0.125,0.08009504526853561,-0.0002550184726715088,0.875,0.3331206804674577,8.0,0.2530770003795624,0.386485755443573,7,0.3928571343421936,0.46875,0.10526467114686966,0.009835246950387955,-0.018826253712177277,0.0052539086900651455,0.8649653196334839,-0.01875775307416916,0.2678571343421936,0.3928571343421936,1.0,0.6071428571428572,0.39285714285714285,0.46875,0.2530770003795624,0.104483962059021,Exp-1 (7.1 baseline-sep only)
0.006689198315143585,0.13617698848247528,0.04912135750055313,0.125,0.125,0.16908365488052368,-0.0008959852857515216,1.0,0.13243211584099399,8.0,0.24079656600952148,0.43593958020210266,8,0.1607142835855484,0.265625,0.12939980626106262,0.026896899566054344,-0.3478420879691839,0.006689198315143585,1.3341171741485596,-0.015556391328573227,0.1607142835855484,0.1607142835855484,1.0,0.8392857142857143,0.1607142857142857,0.265625,0.24079656600952148,0.12864963710308075,Exp-1 (7.1 baseline-sep only)
0.009798521175980568,0.14235557615756989,0.06883130967617035,0.125,0.125,0.12728430330753326,-0.001889770501293242,0.875,0.3494711748353737,8.0,0.2866760194301605,0.45081380009651184,9,0.375,0.453125,0.14130227267742157,0.013661849312484264,-0.20581322722136974,0.009798521175980568,1.1692231893539429,-0.029388433322310448,0.25,0.375,1.0,0.625,0.375,0.453125,0.2866760194301605,0.1398637294769287,Exp-1 (7.1 baseline-sep only)
0.0067796180956065655,0.14165715873241425,0.04785933718085289,0.125,0.125,0.0934612974524498,0.002157848561182618,0.75,0.39729634752298193,8.0,0.3514804244041443,0.460113525390625,10,0.4821428656578064,0.546875,0.14127182960510254,0.16251420974731445,-0.36111149564385414,0.0067796180956065655,1.019210696220398,-0.023523185402154922,0.2321428507566452,0.4821428656578064,1.0,0.5178571428571429,0.48214285714285715,0.546875,0.3514804244041443,0.13983696699142456,Exp-1 (7.1 baseline-sep only)
0.010675309225916862,0.17058472335338593,0.06258068978786469,0.125,0.125,0.19773384928703308,-0.0004067826666869223,1.0,0.22517000380211594,8.0,0.38941168785095215,0.49323171377182007,11,0.2321428507566452,0.328125,0.16993044316768646,0.1538478285074234,-0.043066250160336494,0.010675309225916862,1.2809829711914062,-0.023748649284243584,0.2321428507566452,0.2321428507566452,1.0,0.7678571428571428,0.23214285714285712,0.328125,0.38941168785095215,0.16756212711334229,Exp-1 (7.1 baseline-sep only)
0.008681073784828186,0.14522580802440643,0.05977638438344002,0.125,0.125,0.11982110887765884,-0.0032385268714278936,1.0,0.2834733547569204,8.0,0.3366493582725525,0.4732046127319336,12,0.25,0.34375,0.14787857234477997,0.05772026628255844,-0.2744695898145437,0.008681073784828186,1.1803094148635864,-0.020362725481390953,0.25,0.25,1.0,0.75,0.25,0.34375,0.3366493582725525,0.1462254673242569,Exp-1 (7.1 baseline-sep only)
0.008247321471571922,0.13343821465969086,0.061806291341781616,0.125,0.125,0.08537361025810242,3.857697811326943e-05,1.0,0.23076514255928726,8.0,0.31717127561569214,0.44434037804603577,13,0.5535714030265808,0.609375,0.13452859222888947,0.17061221599578857,0.2169913724064827,0.008247321471571922,1.0016018152236938,-0.0378604419529438,0.5535714030265808,0.5535714030265808,1.0,0.44642857142857145,0.5535714285714285,0.609375,0.31717127561569214,0.13300976157188416,Exp-1 (7.1 baseline-sep only)
0.006739605683833361,0.13597175478935242,0.04956621676683426,0.125,0.125,0.07096938788890839,0.0016219456447288394,0.75,0.4221996577691746,8.0,0.2993148863315582,0.4607946276664734,14,0.3392857015132904,0.421875,0.14177964627742767,0.1207050159573555,-0.06462878733873367,0.006739605683833361,0.8263980150222778,-0.008795714937150478,0.0892857164144516,0.3392857015132904,1.0,0.6607142857142858,0.3392857142857143,0.421875,0.2993148863315582,0.140710711479187,Exp-1 (7.1 baseline-sep only)
0.007402125746011734,0.13866493105888367,0.053381383419036865,0.125,0.125,0.12243205308914185,-0.003631372470408678,1.0,0.29450754468697576,8.0,0.2816867530345917,0.4668487310409546,15,0.3571428656578064,0.4375,0.14544939994812012,0.2653757929801941,-0.19499790482223034,0.007402125746011734,1.4256045818328857,-0.0342877134680748,0.3571428656578064,0.3571428656578064,1.0,0.6428571428571429,0.3571428571428571,0.4375,0.2816867530345917,0.1444334238767624,Exp-1 (7.1 baseline-sep only)
0.0072595588862895966,0.13085977733135223,0.055475860834121704,0.125,0.125,0.08150292187929153,0.0031948424875736237,0.75,0.31134992453861954,8.0,0.3179980218410492,0.4686225652694702,16,0.5714285969734192,0.625,0.14096644520759583,0.026608573272824287,0.24159117601811886,0.0072595588862895966,0.9151723980903625,-0.03228580951690674,0.3214285671710968,0.5714285969734192,1.0,0.4285714285714286,0.5714285714285714,0.625,0.3179980218410492,0.13967186212539673,Exp-1 (7.1 baseline-sep only)
0.010591225698590279,0.15060146152973175,0.07032617926597595,0.125,0.125,0.10597700625658035,0.0041766539216041565,1.0,0.26486423168198797,8.0,0.38846221566200256,0.49288561940193176,17,0.4642857015132904,0.53125,0.1618029773235321,0.09340382367372513,-0.1103302501142025,0.010591225698590279,0.8877524733543396,-0.03241464123129845,0.4642857015132904,0.4642857015132904,1.0,0.5357142857142857,0.4642857142857143,0.53125,0.38846221566200256,0.15937669575214386,Exp-1 (7.1 baseline-sep only)
0.005208167247474194,0.12159831821918488,0.04283091425895691,0.109375,0.109375,0.1425034999847412,-0.0024031023494899273,0.8571428656578064,0.29433071636440733,7.0,0.35221052169799805,0.43584907054901123,18,0.31578946113586426,0.390625,0.12626537680625916,0.10070571303367615,-0.34626817144453526,0.005208167247474194,1.2196515798568726,-0.02424941398203373,0.19298245012760162,0.31578946113586426,1.0,0.6530612244897959,0.3469387755102041,0.42857142857142855,0.35221052169799805,0.12508244812488556,Exp-1 (7.1 baseline-sep only)
0.009853178635239601,0.17730361223220825,0.055572353303432465,0.125,0.125,0.11063921451568604,-0.004366311710327864,0.875,0.3273268353539886,8.0,0.2874428331851959,0.5475413799285889,19,0.4285714328289032,0.5,0.19185598194599152,0.04691975936293602,-0.12947596609592438,0.009853178635239601,0.8584516644477844,-0.03244366869330406,0.3035714328289032,0.4285714328289032,1.0,0.5714285714285714,0.42857142857142855,0.5,0.2874428331851959,0.19090478122234344,Exp-1 (7.1 baseline-sep only)
0.006228337995707989,0.137996107339859,0.045134156942367554,0.125,0.125,0.11975094676017761,-0.002146979561075568,1.0,0.2672612419124244,8.0,0.3060956597328186,0.5007967948913574,20,0.4285714328289032,0.5,0.16155730187892914,0.1881333738565445,-0.12936358712613583,0.006228337995707989,1.2149567604064941,-0.042449839413166046,0.4285714328289032,0.4285714328289032,1.0,0.5714285714285714,0.42857142857142855,0.5,0.3060956597328186,0.16065143048763275,Exp-1 (7.1 baseline-sep only)
0.006609389092773199,0.13341934978961945,0.04953846335411072,0.125,0.125,0.11868755519390106,-0.0009272556053474545,1.0,0.21943224513293763,8.0,0.39775389432907104,0.47762539982795715,21,0.4107142984867096,0.484375,0.14688825607299805,0.18766896426677704,-0.05945119820535183,0.006609389092773199,0.9751569032669067,-0.026533998548984528,0.4107142984867096,0.4107142984867096,1.0,0.5892857142857143,0.4107142857142857,0.484375,0.39775389432907104,0.14521917700767517,Exp-1 (7.1 baseline-sep only)
0.007410290651023388,0.13578645884990692,0.054573118686676025,0.109375,0.109375,0.11674104630947113,-0.0023283495102077723,1.0,0.28571428571428575,7.0,0.39550623297691345,0.4724009037017822,22,0.4035087823867798,0.46875,0.14611001312732697,0.17907141149044037,-0.32406535372138023,0.007410290651023388,1.1022294759750366,-0.02567899227142334,0.4035087823867798,0.4035087823867798,1.0,0.5714285714285714,0.42857142857142855,0.5,0.39550623297691345,0.1442481279373169,Exp-1 (7.1 baseline-sep only)
0.0059983800165355206,0.11199872195720673,0.05355757474899292,0.125,0.125,0.07362443953752518,0.0006863691960461438,1.0,0.3425593945223371,8.0,0.30389654636383057,0.4455757141113281,23,0.3571428656578064,0.4375,0.1276271641254425,0.1446525901556015,-0.03620512783527374,0.0059983800165355206,0.9321911334991455,-0.018833564594388008,0.3571428656578064,0.3571428656578064,1.0,0.6428571428571428,0.3571428571428571,0.4375,0.30389654636383057,0.1265634298324585,Exp-1 (7.1 baseline-sep only)
0.009085305035114288,0.14926308393478394,0.060867730528116226,0.125,0.125,0.12563824653625488,7.444833318004385e-05,1.0,0.29827309086589404,8.0,0.3858643174171448,0.5173758268356323,24,0.4464285671710968,0.515625,0.17210862040519714,0.15940967202186584,-0.12975257821381092,0.009085305035114288,1.2214791774749756,-0.03401658684015274,0.4464285671710968,0.4464285671710968,1.0,0.5535714285714286,0.4464285714285714,0.515625,0.3858643174171448,0.17014876008033752,Exp-1 (7.1 baseline-sep only)
0.006936662830412388,0.12029357254505157,0.057664453983306885,0.109375,0.109375,0.09241215884685516,0.0004439824551809579,1.0,0.24659277497131782,7.0,0.324144572019577,0.46980494260787964,25,0.38596490025520325,0.453125,0.13994744420051575,0.2942875921726227,0.0068437885493040085,0.006936662830412388,0.8998500108718872,-0.02465365082025528,0.38596490025520325,0.38596490025520325,1.0,0.5510204081632653,0.4489795918367347,0.5178571428571429,0.324144572019577,0.13866081833839417,Exp-1 (7.1 baseline-sep only)
0.008278155699372292,0.12684310972690582,0.06526295095682144,0.109375,0.109375,0.07945679128170013,-0.0047934227623045444,1.0,0.34027208164353195,7.0,0.30846107006073,0.46570080518722534,26,0.42105263471603394,0.484375,0.13833032548427582,0.10549400746822357,0.1742475312203169,0.008278155699372292,0.725291907787323,-0.01937299594283104,0.42105263471603394,0.42105263471603394,1.0,0.5102040816326531,0.489795918367347,0.5535714285714286,0.30846107006073,0.13691020011901855,Exp-1 (7.1 baseline-sep only)
0.010330593213438988,0.12054443359375,0.08569946140050888,0.125,0.125,0.074552521109581,-0.0017403430538251996,0.75,0.338344559312436,8.0,0.4517558515071869,0.46370387077331543,27,0.5892857313156128,0.640625,0.1382707953453064,0.11642282456159592,0.08796205744147301,0.010330593213438988,0.7077523469924927,-0.020510990172624588,0.3392857015132904,0.5892857313156128,1.0,0.41071428571428575,0.5892857142857143,0.640625,0.4517558515071869,0.13499851524829865,Exp-1 (7.1 baseline-sep only)
0.00575958751142025,0.07482806593179703,0.07697095721960068,0.125,0.125,0.0525677427649498,0.0012154821306467056,1.0,0.14285714285714285,8.0,0.3795476257801056,0.38377249240875244,28,0.5714285969734192,0.625,0.09479981660842896,0.22793960571289062,0.03812623582780361,0.00575958751142025,0.7569926381111145,-0.026409100741147995,0.5714285969734192,0.5714285969734192,1.0,0.4285714285714286,0.5714285714285714,0.625,0.3795476257801056,0.09315028786659241,Exp-1 (7.1 baseline-sep only)
0.010067373514175415,0.11636244505643845,0.08651737868785858,0.125,0.125,0.07828140258789062,-0.001728385454043746,0.75,0.3030457633656632,8.0,0.32424449920654297,0.4711463749408722,29,0.6428571343421936,0.6875,0.14177103340625763,0.5936963558197021,-0.07950843125581741,0.010067373514175415,0.9907571077346802,-0.03594358265399933,0.3928571343421936,0.6428571343421936,1.0,0.35714285714285715,0.6428571428571428,0.6875,0.32424449920654297,0.1399153172969818,Exp-1 (7.1 baseline-sep only)
0.007773438934236765,0.08229365199804306,0.09445976465940475,0.125,0.125,0.046592965722084045,0.001852728659287095,0.75,0.3273268353539886,8.0,0.3183208703994751,0.40050002932548523,30,0.6428571343421936,0.6875,0.10135084390640259,0.6034563183784485,-0.07775820419192314,0.007773438934236765,0.8462671637535095,-0.019638875499367714,0.3928571343421936,0.6428571343421936,1.0,0.3571428571428572,0.6428571428571428,0.6875,0.3183208703994751,0.0996510237455368,Exp-1 (7.1 baseline-sep only)
0.0065048979595303535,0.09023023396730423,0.0720922201871872,0.109375,0.109375,0.12295516580343246,-0.00011817927588708699,0.8571428656578064,0.3135161529742289,7.0,0.41098350286483765,0.41223496198654175,31,0.31578946113586426,0.390625,0.10665327310562134,0.16443279385566711,-0.2210694383829832,0.0065048979595303535,1.1992740631103516,-0.010856898501515388,0.19298245012760162,0.31578946113586426,1.0,0.6530612244897959,0.3469387755102041,0.42857142857142855,0.41098350286483765,0.10466068238019943,Exp-1 (7.1 baseline-sep only)
0.006949212402105331,0.08439037948846817,0.08234602957963943,0.125,0.125,0.07492413371801376,0.00034028530353680253,1.0,0.3229132378575915,8.0,0.4135451018810272,0.39137735962867737,32,0.4107142984867096,0.484375,0.09843767434358597,0.402749627828598,0.23795726150274277,0.006949212402105331,0.9550648331642151,-0.013163109309971333,0.4107142984867096,0.4107142984867096,1.0,0.5892857142857143,0.4107142857142857,0.484375,0.4135451018810272,0.0962325930595398,Exp-1 (7.1 baseline-sep only)
0.006569992285221815,0.09507507085800171,0.06910320371389389,0.125,0.125,0.09204423427581787,0.0037192944437265396,0.75,0.30670650066638694,8.0,0.3798273205757141,0.4334662854671478,33,0.5535714030265808,0.609375,0.11848896741867065,0.4929049611091614,-0.25553335435688496,0.006569992285221815,0.8880758285522461,-0.018452148884534836,0.3035714328289032,0.5535714030265808,1.0,0.4464285714285714,0.5535714285714286,0.609375,0.3798273205757141,0.11676063388586044,Exp-1 (7.1 baseline-sep only)
0.007873167283833027,0.0807628333568573,0.0974850282073021,0.125,0.125,0.09113641083240509,0.004358953330665827,1.0,0.21943224513293766,8.0,0.33726587891578674,0.3863065242767334,34,0.4464285671710968,0.515625,0.09469148516654968,0.21548756957054138,-0.23020652309060097,0.007873167283833027,1.0018259286880493,-0.017413463443517685,0.4464285671710968,0.4464285671710968,1.0,0.5535714285714286,0.4464285714285714,0.515625,0.33726587891578674,0.09276652336120605,Exp-1 (7.1 baseline-sep only)
0.011895757168531418,0.10522648692131042,0.11304906755685806,0.125,0.125,0.13168732821941376,0.0005898145609535277,0.875,0.32683937888791303,8.0,0.3680744767189026,0.44721919298171997,35,0.5178571343421936,0.578125,0.12346455454826355,0.11822224408388138,-0.10995557345449924,0.011895757168531418,1.3161836862564087,-0.024052128195762634,0.3928571343421936,0.5178571343421936,1.0,0.48214285714285715,0.5178571428571428,0.578125,0.3680744767189026,0.12051970511674881,Exp-1 (7.1 baseline-sep only)
0.008407436311244965,0.11190946400165558,0.07512712478637695,0.109375,0.109375,0.09015242010354996,-0.0028964008670300245,0.7142857313156128,0.3475384972638041,7.0,0.4482385814189911,0.48146188259124756,36,0.5438596606254578,0.59375,0.14064839482307434,0.16244712471961975,-0.1680747140198946,0.008407436311244965,0.5099239945411682,-0.025966748595237732,0.2982456088066101,0.5438596606254578,1.0,0.38775510204081637,0.6122448979591837,0.6607142857142857,0.4482385814189911,0.13804040849208832,Exp-1 (7.1 baseline-sep only)
0.01193524431437254,0.10693477839231491,0.11161237210035324,0.125,0.125,0.07154951989650726,0.0016738788690418005,0.625,0.2743266338524503,8.0,0.3431638479232788,0.4662416875362396,37,0.6785714030265808,0.71875,0.13133476674556732,0.41847673058509827,-0.15246225148439407,0.01193524431437254,0.6444966793060303,-0.02447349578142166,0.3035714328289032,0.6785714030265808,1.0,0.3214285714285714,0.6785714285714286,0.71875,0.3431638479232788,0.12877598404884338,Exp-1 (7.1 baseline-sep only)
0.006369977258145809,0.0771866962313652,0.08252688497304916,0.109375,0.109375,0.0689200609922409,0.005681819748133421,0.8571428656578064,0.2999375195244708,7.0,0.334454208612442,0.39757364988327026,38,0.5087719559669495,0.5625,0.0965394526720047,0.17272695899009705,0.028474843129515648,0.006369977258145809,0.7278962731361389,-0.018494540825486183,0.38596490025520325,0.5087719559669495,1.0,0.44897959183673475,0.5510204081632653,0.6071428571428571,0.334454208612442,0.09501422941684723,Exp-1 (7.1 baseline-sep only)
0.006169612519443035,0.07684000581502914,0.08029167354106903,0.109375,0.109375,0.08070862293243408,0.0035790479741990566,1.0,0.237998036524298,7.0,0.3993098735809326,0.39204683899879456,39,0.45614033937454224,0.515625,0.09889839589595795,0.3687557280063629,-0.0556778684258461,0.006169612519443035,1.0513074398040771,-0.014803937636315823,0.45614033937454224,0.45614033937454224,1.0,0.4693877551020408,0.5306122448979592,0.5892857142857143,0.3993098735809326,0.09703347086906433,Exp-1 (7.1 baseline-sep only)
0.007721296977251768,0.09920946508646011,0.07782822847366333,0.125,0.125,0.08841284364461899,-0.0023058524820953608,1.0,0.25505101530510177,8.0,0.363403856754303,0.4485093653202057,40,0.6071428656578064,0.65625,0.12598486244678497,0.2560616731643677,-0.0803439375013113,0.007721296977251768,0.7758407592773438,-0.03859207034111023,0.6071428656578064,0.6071428656578064,1.0,0.3928571428571429,0.6071428571428571,0.65625,0.363403856754303,0.12413742393255234,Exp-1 (7.1 baseline-sep only)
0.010963965207338333,0.08195226639509201,0.13378477096557617,0.125,0.125,0.1141987144947052,0.0006996060837991536,0.875,0.34255939452233714,8.0,0.3793005347251892,0.40750572085380554,41,0.5714285969734192,0.625,0.10811345279216766,0.34358343482017517,-0.09079849720001221,0.010963965207338333,1.072373867034912,-0.01709696464240551,0.4464285671710968,0.5714285969734192,1.0,0.4285714285714286,0.5714285714285714,0.625,0.3793005347251892,0.10510720312595367,Exp-1 (7.1 baseline-sep only)
0.006427203305065632,0.08332227170467377,0.07713667303323746,0.109375,0.109375,0.09447785466909409,-0.0017745100194588304,1.0,0.21208785398802582,7.0,0.3347667157649994,0.4225400388240814,42,0.4912280738353729,0.546875,0.1104835569858551,0.25502997636795044,-0.006981523707509041,0.006427203305065632,0.9101198315620422,-0.025410793721675873,0.4912280738353729,0.4912280738353729,1.0,0.4693877551020408,0.5306122448979592,0.5892857142857143,0.3347667157649994,0.10903271287679672,Exp-1 (7.1 baseline-sep only)
0.0075649069622159,0.08847915381193161,0.08549931645393372,0.125,0.125,0.09144546091556549,-0.00013414597196970135,0.875,0.2834733547569204,8.0,0.3719985783100128,0.43601757287979126,43,0.6071428656578064,0.65625,0.12000210583209991,0.6859670877456665,-0.34960698150098324,0.0075649069622159,0.8735247254371643,-0.0236485805362463,0.4821428656578064,0.6071428656578064,1.0,0.39285714285714285,0.6071428571428571,0.65625,0.3719985783100128,0.11808124929666519,Exp-1 (7.1 baseline-sep only)
0.009456372819840908,0.08401121944189072,0.11256083101034164,0.125,0.125,0.06781085580587387,-0.004848699551075697,1.0,0.23076514255928723,8.0,0.32674524188041687,0.4110170602798462,44,0.5892857313156128,0.640625,0.10793016850948334,0.1349639892578125,0.04183449037373066,0.009456372819840908,0.7851654291152954,-0.03093293495476246,0.5892857313156128,0.5892857313156128,1.0,0.41071428571428575,0.5892857142857142,0.640625,0.32674524188041687,0.10584121942520142,Exp-1 (7.1 baseline-sep only)
0.012975461781024933,0.08854422718286514,0.14654214680194855,0.125,0.125,0.06300324946641922,0.0048673576675355434,0.75,0.24156695104408363,8.0,0.461110919713974,0.4355621635913849,45,0.6964285969734192,0.734375,0.12120933830738068,0.21682026982307434,0.008435958996415138,0.012975461781024933,0.546750009059906,-0.019674988463521004,0.4464285671710968,0.6964285969734192,1.0,0.30357142857142855,0.6964285714285714,0.734375,0.461110919713974,0.11674098670482635,Exp-1 (7.1 baseline-sep only)
0.009086908772587776,0.0891626626253128,0.10191383212804794,0.125,0.125,0.11884766817092896,0.0004982301616109908,0.875,0.2714050741709047,8.0,0.33709922432899475,0.4143478572368622,46,0.5535714030265808,0.609375,0.10865257680416107,0.1705775409936905,-0.1344219595193863,0.009086908772587776,0.878549337387085,-0.022971808910369873,0.4285714328289032,0.5535714030265808,1.0,0.4464285714285715,0.5535714285714286,0.609375,0.33709922432899475,0.10655765980482101,Exp-1 (7.1 baseline-sep only)
0.007365456782281399,0.06977343559265137,0.1055624857544899,0.125,0.125,0.0537743866443634,0.004258163273334503,0.75,0.2923340275668732,8.0,0.26847076416015625,0.38906094431877136,47,0.6071428656578064,0.65625,0.09312175959348679,0.1695101410150528,-0.244824992492795,0.007365456782281399,0.9542503356933594,-0.013028005138039589,0.3571428656578064,0.6071428656578064,1.0,0.39285714285714285,0.6071428571428572,0.65625,0.26847076416015625,0.09182064980268478,Exp-1 (7.1 baseline-sep only)
0.010758472606539726,0.0895356684923172,0.12015850841999054,0.125,0.125,0.07486922293901443,0.0006407712353393435,0.875,0.25505101530510177,8.0,0.39443475008010864,0.43146735429763794,48,0.6071428656578064,0.65625,0.11720917373895645,0.33604681491851807,0.17757012508809566,0.010758472606539726,0.8931933045387268,-0.027020223438739777,0.4821428656578064,0.6071428656578064,1.0,0.3928571428571429,0.6071428571428571,0.65625,0.39443475008010864,0.11419421434402466,Exp-1 (7.1 baseline-sep only)
0.008216089569032192,0.08397074788808823,0.0978446677327156,0.109375,0.109375,0.07343820482492447,-0.00014818734780419618,1.0,0.2465927749713178,7.0,0.3713321089744568,0.41418763995170593,49,0.5438596606254578,0.59375,0.10838660597801208,0.11635255068540573,-0.17219754494726658,0.008216089569032192,0.9320290684700012,-0.0283668152987957,0.5438596606254578,0.5438596606254578,1.0,0.40816326530612246,0.5918367346938774,0.6428571428571429,0.3713321089744568,0.10620832443237305,Exp-1 (7.1 baseline-sep only)
0.01542283222079277,0.1430004984140396,0.10785159468650818,0.125,0.125,0.05537249520421028,0.004114164970815182,0.75,0.13832083379312202,8.0,0.40275630354881287,0.5666912794113159,50,0.8214285969734192,0.84375,0.1998186856508255,0.7594135403633118,0.058490149676799774,0.01542283222079277,0.43713057041168213,-0.053632352501153946,0.5714285969734192,0.8214285969734192,1.0,0.17857142857142858,0.8214285714285714,0.84375,0.40275630354881287,0.1966397762298584,Exp-1 (7.1 baseline-sep only)
0.011435010470449924,0.10720381885766983,0.10666607320308685,0.125,0.125,0.08702517300844193,0.005685938056558371,0.875,0.20748125068968304,8.0,0.31194496154785156,0.47799867391586304,51,0.5892857313156128,0.640625,0.14408621191978455,0.17666374146938324,-0.03811565041542053,0.011435010470449924,0.7483899593353271,-0.041123270988464355,0.4642857015132904,0.5892857313156128,1.0,0.4107142857142857,0.5892857142857142,0.640625,0.31194496154785156,0.14214453101158142,Exp-1 (7.1 baseline-sep only)
0.01019042357802391,0.09298855066299438,0.10958793759346008,0.125,0.125,0.06472210586071014,-0.004197269678115845,0.75,0.2766416675862441,8.0,0.3194974362850189,0.44123685359954834,52,0.6428571343421936,0.6875,0.12078574299812317,0.1935090720653534,0.13297443836927414,0.01019042357802391,0.6505900025367737,-0.028209717944264412,0.3928571343421936,0.6428571343421936,1.0,0.35714285714285715,0.6428571428571428,0.6875,0.3194974362850189,0.11873993277549744,Exp-1 (7.1 baseline-sep only)
0.014307905919849873,0.10241735726594925,0.1397019624710083,0.125,0.125,0.050548143684864044,0.0006883687456138432,0.75,0.30670650066638694,8.0,0.3431549668312073,0.4606567621231079,53,0.6964285969734192,0.734375,0.13225364685058594,0.31856292486190796,-0.19241708889603615,0.014307905919849873,0.5701715350151062,-0.024349085986614227,0.4464285671710968,0.6964285969734192,1.0,0.3035714285714286,0.6964285714285714,0.734375,0.3431549668312073,0.1291922926902771,Exp-1 (7.1 baseline-sep only)
0.009535180404782295,0.09790557622909546,0.09739159047603607,0.125,0.125,0.05401688441634178,0.003970086108893156,1.0,0.11151782139997139,8.0,0.3376413881778717,0.4490322470664978,54,0.6964285969734192,0.734375,0.12502770125865936,0.18200626969337463,0.06605255231261253,0.009535180404782295,0.5337998270988464,-0.033349450677633286,0.6964285969734192,0.6964285969734192,1.0,0.3035714285714286,0.6964285714285714,0.734375,0.3376413881778717,0.12298088520765305,Exp-1 (7.1 baseline-sep only)
0.00903580617159605,0.08326015621423721,0.10852497816085815,0.125,0.125,0.05304480344057083,0.0026533794589340687,0.75,0.41649656391752143,8.0,0.354554146528244,0.4144016206264496,55,0.5,0.5625,0.10586117208003998,0.2649191617965698,-0.2007615640759468,0.00903580617159605,0.6902825832366943,-0.010184718295931816,0.25,0.5,1.0,0.5,0.5,0.5625,0.354554146528244,0.10359354317188263,Exp-1 (7.1 baseline-sep only)
0.007016785908490419,0.08919565379619598,0.07866735011339188,0.125,0.125,0.11690043658018112,0.0025629957672208548,0.875,0.2672612419124244,8.0,0.43353453278541565,0.42355626821517944,56,0.4285714328289032,0.5,0.11216962337493896,0.18586520850658417,-0.2493103500455618,0.007016785908490419,1.3324605226516724,-0.02338295988738537,0.3035714328289032,0.4285714328289032,1.0,0.5714285714285715,0.4285714285714286,0.5,0.43353453278541565,0.10989872366189957,Exp-1 (7.1 baseline-sep only)
0.009617903269827366,0.09097962826490402,0.10571491718292236,0.125,0.125,0.029570529237389565,0.002750949701294303,0.75,0.10101525445522107,8.0,0.3538096249103546,0.4842682480812073,57,0.8571428656578064,0.875,0.1446242332458496,0.5631784200668335,0.06565448828041553,0.009617903269827366,0.2950444519519806,-0.025547411292791367,0.6071428656578064,0.8571428656578064,1.0,0.14285714285714288,0.8571428571428571,0.875,0.3538096249103546,0.14259277284145355,Exp-1 (7.1 baseline-sep only)
0.0050787366926670074,0.09512738138437271,0.0533888004720211,0.109375,0.109375,0.06275700032711029,0.0021866855677217245,1.0,0.10406162272638338,7.0,0.3209229111671448,0.46074819564819336,58,0.5789473652839661,0.625,0.1326560527086258,0.22443346679210663,-0.4142906069755554,0.0050787366926670074,0.589116096496582,-0.03369780629873276,0.5789473652839661,0.5789473652839661,1.0,0.34693877551020397,0.6530612244897959,0.6964285714285714,0.3209229111671448,0.13169501721858978,Exp-1 (7.1 baseline-sep only)
0.006153902970254421,0.06716137379407883,0.09162860363721848,0.125,0.125,0.05868527665734291,0.001635419437661767,1.0,0.24743582965269675,8.0,0.31420063972473145,0.37586191296577454,59,0.5,0.5625,0.08922673016786575,0.4843737483024597,-0.002150086686015129,0.006153902970254421,0.7471210360527039,-0.015789011493325233,0.5,0.5,1.0,0.5,0.5,0.5625,0.31420063972473145,0.08783368766307831,Exp-1 (7.1 baseline-sep only)
0.006266975775361061,0.09211135655641556,0.06803694367408752,0.109375,0.109375,0.11507941782474518,-0.0030812087934464216,1.0,0.30270197906512913,7.0,0.40478643774986267,0.4272395968437195,60,0.5087719559669495,0.5625,0.11604238301515579,0.24043525755405426,-0.11460412666201591,0.006266975775361061,0.792334258556366,-0.03499547019600868,0.5087719559669495,0.5087719559669495,1.0,0.4693877551020408,0.5306122448979592,0.5892857142857143,0.40478643774986267,0.11422141641378403,Exp-1 (7.1 baseline-sep only)
0.012807030230760574,0.10501692444086075,0.12195205688476562,0.125,0.125,0.155940979719162,0.002694053342565894,0.875,0.3253726278265821,8.0,0.4379784166812897,0.43720346689224243,61,0.3928571343421936,0.46875,0.12416945397853851,0.2725805342197418,-0.10806975327432156,0.012807030230760574,1.354539394378662,-0.017725778743624687,0.2678571343421936,0.3928571343421936,1.0,0.6071428571428572,0.39285714285714285,0.46875,0.4379784166812897,0.12009834498167038,Exp-1 (7.1 baseline-sep only)
0.015217727981507778,0.10282259434461594,0.1479998379945755,0.125,0.125,0.13194209337234497,0.0005156916449777782,0.875,0.28515570397627343,8.0,0.42110368609428406,0.45942366123199463,62,0.4821428656578064,0.546875,0.1317189782857895,0.41661596298217773,-0.20456400327384472,0.015217727981507778,0.8748318552970886,-0.017703942954540253,0.3571428656578064,0.4821428656578064,1.0,0.5178571428571429,0.4821428571428571,0.546875,0.42110368609428406,0.1272471398115158,Exp-1 (7.1 baseline-sep only)
0.009300777688622475,0.06721026450395584,0.13838329911231995,0.125,0.125,0.04461411386728287,0.004621615167707205,1.0,0.14173667737846019,8.0,0.32767122983932495,0.4098404347896576,63,0.7678571343421936,0.796875,0.10447997599840164,0.5006120204925537,0.028436249122023582,0.009300777688622475,0.49569979310035706,-0.027964582666754723,0.7678571343421936,0.7678571343421936,1.0,0.23214285714285715,0.7678571428571428,0.796875,0.32767122983932495,0.10238462686538696,Exp-1 (7.1 baseline-sep only)
0.01236360426992178,0.08712421357631683,0.14190778136253357,0.125,0.125,0.058409418910741806,-0.0004719563585240394,0.625,0.2895941917897653,8.0,0.37203213572502136,0.4314786195755005,64,0.6964285969734192,0.734375,0.11663434654474258,0.3196614682674408,0.13341126404702663,0.01236360426992178,0.7834017872810364,-0.017026051878929138,0.3214285671710968,0.6964285969734192,1.0,0.3035714285714286,0.6964285714285714,0.734375,0.37203213572502136,0.11343719065189362,Exp-1 (7.1 baseline-sep only)
0.014225897379219532,0.0814962089061737,0.17455901205539703,0.125,0.125,0.09238624572753906,0.003132060170173645,1.0,0.27606472917393404,8.0,0.34045663475990295,0.4003145396709442,65,0.625,0.671875,0.10548336803913116,0.30348238348960876,-0.006391201168298721,0.014225897379219532,0.8739719390869141,-0.01975620910525322,0.625,0.625,1.0,0.375,0.625,0.671875,0.34045663475990295,0.10209242254495621,Exp-1 (7.1 baseline-sep only)
0.008450704626739025,0.07326007634401321,0.11535210907459259,0.125,0.125,0.08116621524095535,0.004393836483359337,0.875,0.3030457633656632,8.0,0.37243106961250305,0.38878461718559265,66,0.5,0.5625,0.0962262898683548,0.25777149200439453,-0.15021887235343456,0.008450704626739025,0.7728043794631958,-0.013973643071949482,0.375,0.5,1.0,0.5,0.49999999999999994,0.5625,0.37243106961250305,0.09387225657701492,Exp-1 (7.1 baseline-sep only)
0.01638013869524002,0.08796410262584686,0.1862138956785202,0.125,0.125,0.10971580445766449,0.001164509798400104,0.875,0.30670650066638694,8.0,0.40907642245292664,0.43539080023765564,67,0.5892857313156128,0.640625,0.11974342912435532,0.2267279028892517,0.12097955122590065,0.01638013869524002,0.9068591594696045,-0.017373736947774887,0.4642857015132904,0.5892857313156128,1.0,0.4107142857142857,0.5892857142857143,0.640625,0.40907642245292664,0.11492517590522766,Exp-1 (7.1 baseline-sep only)
0.0062452079728245735,0.06501825153827667,0.09605315327644348,0.09375,0.09375,0.07305971533060074,-0.0004139356897212565,1.0,0.2439750182371333,6.0,0.3752969801425934,0.36916816234588623,68,0.48275861144065857,0.53125,0.08764000236988068,0.3932769298553467,-0.019686535000801086,0.0062452079728245735,0.6281706690788269,-0.020048629492521286,0.48275861144065857,0.48275861144065857,1.0,0.35714285714285715,0.6428571428571429,0.6875,0.3752969801425934,0.08583223819732666,Exp-1 (7.1 baseline-sep only)
0.011038092896342278,0.0891830250620842,0.12376899272203445,0.125,0.125,0.09299618750810623,0.0033038672991096973,0.875,0.23419423301078576,8.0,0.3594467043876648,0.44774287939071655,69,0.6071428656578064,0.65625,0.12146182358264923,0.14370638132095337,0.018405979499220848,0.011038092896342278,0.8442023396492004,-0.02066216617822647,0.4821428656578064,0.6071428656578064,1.0,0.39285714285714285,0.6071428571428572,0.65625,0.3594467043876648,0.11880560964345932,Exp-1 (7.1 baseline-sep only)
0.006428053602576256,0.062041234225034714,0.10360938310623169,0.125,0.125,0.0640135183930397,0.001356414402835071,0.875,0.31134992453861954,8.0,0.323548823595047,0.37155625224113464,70,0.5,0.5625,0.08535908907651901,0.225279301404953,-0.22533784806728363,0.006428053602576256,0.7893893122673035,-0.013259385712444782,0.375,0.5,1.0,0.5,0.5,0.5625,0.323548823595047,0.08381807804107666,Exp-1 (7.1 baseline-sep only)
0.010418640449643135,0.07024192810058594,0.1483250856399536,0.125,0.125,0.06604935973882675,-0.00010162022954318672,1.0,0.1665603402337288,8.0,0.38919851183891296,0.40539491176605225,71,0.6964285969734192,0.734375,0.10105687379837036,0.36070168018341064,0.03411993011832237,0.010418640449643135,0.5858895182609558,-0.026986371725797653,0.6964285969734192,0.6964285969734192,1.0,0.30357142857142855,0.6964285714285714,0.734375,0.38919851183891296,0.09802322089672089,Exp-1 (7.1 baseline-sep only)
0.015435545705258846,0.07102164626121521,0.2173357754945755,0.125,0.125,0.02753441222012043,0.0008743832586333156,0.375,0.25505101530510177,8.0,0.28208988904953003,0.4326525330543518,72,0.8214285969734192,0.84375,0.11025577783584595,1.0597163438796997,0.06637625768780708,0.015435545705258846,0.29177141189575195,-0.014003676362335682,0.1964285671710968,0.8214285969734192,1.0,0.17857142857142858,0.8214285714285714,0.84375,0.28208988904953003,0.10756183415651321,Exp-1 (7.1 baseline-sep only)
0.012046976014971733,0.09577850997447968,0.12577952444553375,0.125,0.125,0.09633423388004303,0.005857639946043491,1.0,0.29396567202061297,8.0,0.36720889806747437,0.4652458429336548,73,0.5178571343421936,0.578125,0.13606233894824982,0.09481542557477951,-0.0309982318431139,0.012046976014971733,0.8975276947021484,-0.02291836403310299,0.5178571343421936,0.5178571343421936,1.0,0.48214285714285715,0.5178571428571428,0.578125,0.36720889806747437,0.13324378430843353,Exp-1 (7.1 baseline-sep only)
0.007945826277136803,0.07433853298425674,0.10688704997301102,0.125,0.125,0.04325316101312637,-0.007059037685394287,0.875,0.28515570397627343,8.0,0.25925594568252563,0.4123951196670532,74,0.625,0.671875,0.10182959586381912,0.4190979599952698,-0.10998080298304558,0.007945826277136803,0.6649991869926453,-0.02920447289943695,0.5,0.625,1.0,0.375,0.625,0.671875,0.25925594568252563,0.10056868940591812,Exp-1 (7.1 baseline-sep only)
0.0071951765567064285,0.06812454015016556,0.10561797767877579,0.125,0.125,0.07585209608078003,0.0022832101676613092,0.875,0.28064702938395913,8.0,0.356584370136261,0.36747151613235474,75,0.5535714030265808,0.609375,0.08802519738674164,0.25038254261016846,-0.19974671117961407,0.0071951765567064285,0.7579552531242371,-0.01819903962314129,0.4285714328289032,0.5535714030265808,1.0,0.4464285714285714,0.5535714285714286,0.609375,0.356584370136261,0.08607886731624603,Exp-1 (7.1 baseline-sep only)
0.008756665512919426,0.0913514718413353,0.09585686028003693,0.125,0.125,0.07972484827041626,-0.012860596179962158,1.0,0.2923340275668732,8.0,0.33145591616630554,0.3785095810890198,76,0.5357142686843872,0.59375,0.09272182732820511,0.28692105412483215,0.0401939433068037,0.008756665512919426,0.9467877149581909,-0.05577471852302551,0.5357142686843872,0.5357142686843872,1.0,0.4642857142857143,0.5357142857142857,0.59375,0.33145591616630554,0.09061285108327866,Exp-1 (7.1 baseline-sep only)
0.009094329550862312,0.07827272266149521,0.11618772149085999,0.125,0.125,0.043831001967191696,-0.0013217768864706159,0.75,0.2369017707396714,8.0,0.34069207310676575,0.43118444085121155,77,0.7142857313156128,0.75,0.11432603746652603,1.1420904397964478,-0.021273568272590637,0.009094329550862312,0.44934529066085815,-0.027921032160520554,0.4642857015132904,0.7142857313156128,1.0,0.2857142857142857,0.7142857142857142,0.75,0.34069207310676575,0.1122485101222992,Exp-1 (7.1 baseline-sep only)
0.01058775931596756,0.07987276464700699,0.13255780935287476,0.125,0.125,0.06411813199520111,-0.0006156765739433467,0.75,0.34809979802889157,8.0,0.28112804889678955,0.41072484850883484,78,0.6071428656578064,0.65625,0.1040434017777443,0.4607234597206116,-0.12360886298120022,0.01058775931596756,0.5413716435432434,-0.017801299691200256,0.3571428656578064,0.6071428656578064,1.0,0.3928571428571429,0.6071428571428572,0.65625,0.28112804889678955,0.10214840620756149,Exp-1 (7.1 baseline-sep only)
0.013963880948722363,0.09247409552335739,0.1510031670331955,0.125,0.125,0.0736980140209198,0.002137164119631052,0.625,0.2923340275668732,8.0,0.3173381984233856,0.4588620960712433,79,0.75,0.78125,0.13289038836956024,0.2866906523704529,-0.09790928848087788,0.013963880948722363,0.5828346610069275,-0.022842610254883766,0.375,0.75,1.0,0.25,0.75,0.78125,0.3173381984233856,0.1302783042192459,Exp-1 (7.1 baseline-sep only)
0.005100877955555916,0.07623594999313354,0.06690908968448639,0.109375,0.109375,0.06387344747781754,-0.0023763817735016346,1.0,0.237998036524298,7.0,0.2736946940422058,0.40796029567718506,80,0.5614035129547119,0.609375,0.10161928087472916,0.31552258133888245,-0.10784803330898285,0.005100877955555916,0.6941937208175659,-0.022030893713235855,0.5614035129547119,0.5614035129547119,1.0,0.4693877551020408,0.5306122448979592,0.5892857142857143,0.2736946940422058,0.10073703527450562,Exp-1 (7.1 baseline-sep only)
0.008445858024060726,0.07038214802742004,0.11999999731779099,0.125,0.125,0.08064902573823929,-0.0007014361908659339,0.75,0.335029697130245,8.0,0.311433345079422,0.37833449244499207,81,0.5714285969734192,0.625,0.09183145314455032,0.23056162893772125,-0.034423619508743286,0.008445858024060726,0.8623675107955933,-0.016058994457125664,0.3214285671710968,0.5714285969734192,1.0,0.4285714285714286,0.5714285714285714,0.625,0.311433345079422,0.08996092528104782,Exp-1 (7.1 baseline-sep only)
0.012995908968150616,0.10600356012582779,0.122598797082901,0.125,0.125,0.09561893343925476,-0.00034851633245125413,1.0,0.12242240357859006,8.0,0.35202017426490784,0.47921863198280334,82,0.625,0.671875,0.14283661544322968,0.21781443059444427,0.0971078984439373,0.012995908968150616,0.5981353521347046,-0.04302797466516495,0.625,0.625,1.0,0.375,0.625,0.671875,0.35202017426490784,0.14008229970932007,Exp-1 (7.1 baseline-sep only)
0.012744586914777756,0.07921558618545532,0.16088484227657318,0.125,0.125,0.058187078684568405,-0.007389582693576813,0.875,0.23690177073967142,8.0,0.361266165971756,0.42003971338272095,83,0.7142857313156128,0.75,0.11036640405654907,0.2877795398235321,-0.09681503660976887,0.012744586914777756,0.5767290592193604,-0.04208746179938316,0.5892857313156128,0.7142857313156128,1.0,0.2857142857142857,0.7142857142857143,0.75,0.361266165971756,0.10712751746177673,Exp-1 (7.1 baseline-sep only)
0.012966176494956017,0.08986186236143112,0.14429008960723877,0.125,0.125,0.08065935969352722,-0.002483786316588521,0.875,0.25753937681885636,8.0,0.36072981357574463,0.44416704773902893,84,0.6428571343421936,0.6875,0.12284405529499054,1.2457501888275146,0.26100630313158035,0.012966176494956017,0.7103827595710754,-0.02644769661128521,0.5178571343421936,0.6428571343421936,1.0,0.3571428571428571,0.6428571428571428,0.6875,0.36072981357574463,0.11971908807754517,Exp-1 (7.1 baseline-sep only)
0.006533170118927956,0.07235392928123474,0.09029461443424225,0.125,0.125,0.05268038064241409,-0.002821115078404546,0.75,0.2569195458917528,8.0,0.3278578817844391,0.3898670971393585,85,0.625,0.671875,0.09380263090133667,0.16456297039985657,-0.35306055285036564,0.006533170118927956,0.7366054058074951,-0.022712573409080505,0.375,0.625,1.0,0.375,0.625,0.671875,0.3278578817844391,0.09226345270872116,Exp-1 (7.1 baseline-sep only)
0.010480567812919617,0.07788609713315964,0.13456276059150696,0.125,0.125,0.05019041895866394,0.0003616980102378875,0.75,0.1889822365046136,8.0,0.3897783160209656,0.42760157585144043,86,0.7142857313156128,0.75,0.11042916029691696,0.2867499887943268,-0.0738296564668417,0.010480567812919617,0.561032772064209,-0.02381846494972706,0.4642857015132904,0.7142857313156128,1.0,0.2857142857142857,0.7142857142857143,0.75,0.3897783160209656,0.10747041553258896,Exp-1 (7.1 baseline-sep only)
0.008555078878998756,0.06712307780981064,0.12745359539985657,0.125,0.125,0.049604274332523346,-0.003769371658563614,0.75,0.3030457633656632,8.0,0.2759467661380768,0.3815177381038666,87,0.6428571343421936,0.6875,0.09111379832029343,0.1895143985748291,-0.28221881203353405,0.008555078878998756,0.6527061462402344,-0.023241380229592323,0.3928571343421936,0.6428571343421936,1.0,0.35714285714285715,0.6428571428571428,0.6875,0.2759467661380768,0.08951889723539352,Exp-1 (7.1 baseline-sep only)
0.007849309593439102,0.06256762146949768,0.12545323371887207,0.125,0.125,0.054870158433914185,-0.00573080126196146,0.875,0.2766416675862441,8.0,0.28293871879577637,0.3731243312358856,88,0.6428571343421936,0.6875,0.08682805299758911,0.31082409620285034,-0.008225817233324051,0.007849309593439102,0.7027261853218079,-0.027255218476057053,0.5178571343421936,0.6428571343421936,1.0,0.3571428571428572,0.6428571428571428,0.6875,0.28293871879577637,0.0852765366435051,Exp-1 (7.1 baseline-sep only)
0.007546411361545324,0.0688430517911911,0.10961761325597763,0.125,0.125,0.08458316326141357,-0.010262205265462399,0.875,0.28515570397627343,8.0,0.2715742886066437,0.37357616424560547,89,0.5178571343421936,0.578125,0.08869694918394089,0.23053407669067383,0.0570303313434124,0.007546411361545324,1.196104884147644,-0.02460401877760887,0.3928571343421936,0.5178571343421936,1.0,0.4821428571428572,0.5178571428571428,0.578125,0.2715742886066437,0.08730638772249222,Exp-1 (7.1 baseline-sep only)
0.009482969529926777,0.07792142033576965,0.12169913202524185,0.125,0.125,0.06390145421028137,-0.0066759404726326466,0.75,0.31134992453861954,8.0,0.3090014159679413,0.41607317328453064,90,0.6428571343421936,0.6875,0.10669874399900436,0.9006592035293579,-0.01739831641316414,0.009482969529926777,0.5406725406646729,-0.0252901092171669,0.3928571343421936,0.6428571343421936,1.0,0.35714285714285715,0.6428571428571428,0.6875,0.3090014159679413,0.10476192831993103,Exp-1 (7.1 baseline-sep only)
0.011359560303390026,0.07324644178152084,0.15508684515953064,0.125,0.125,0.0792524516582489,-0.0017114778747782111,0.5,0.36377765691898867,8.0,0.31500333547592163,0.40069833397865295,91,0.6607142686843872,0.703125,0.10194455087184906,1.4887001514434814,-0.022917285561561584,0.011359560303390026,0.6432806253433228,-0.017610855400562286,0.1607142835855484,0.6607142686843872,1.0,0.3392857142857143,0.6607142857142857,0.703125,0.31500333547592163,0.09949647635221481,Exp-1 (7.1 baseline-sep only)
0.010013675317168236,0.0889630913734436,0.11255988478660583,0.109375,0.109375,0.15229395031929016,-0.0064271679148077965,0.8571428656578064,0.2613520096911367,7.0,0.4316765069961548,0.4167814254760742,92,0.4912280738353729,0.546875,0.1136927679181099,0.728621244430542,0.16282739117741585,0.010013675317168236,0.9494174122810364,-0.025476321578025818,0.3684210479259491,0.4912280738353729,1.0,0.46938775510204095,0.5306122448979591,0.5892857142857143,0.4316765069961548,0.11047637462615967,Exp-1 (7.1 baseline-sep only)
0.015042925253510475,0.10878108441829681,0.13828623294830322,0.125,0.125,0.10186904668807983,-0.007154281251132488,0.75,0.26486423168198797,8.0,0.30725032091140747,0.4755384922027588,93,0.6071428656578064,0.65625,0.14235728979110718,0.24166162312030792,-0.14497457444667816,0.015042925253510475,0.619929850101471,-0.037801649421453476,0.3571428656578064,0.6071428656578064,1.0,0.39285714285714285,0.6071428571428571,0.65625,0.30725032091140747,0.13983891904354095,Exp-1 (7.1 baseline-sep only)
0.009688090533018112,0.08549840748310089,0.11331310868263245,0.125,0.125,0.06907390803098679,-0.008627468720078468,0.75,0.24156695104408363,8.0,0.3491833209991455,0.4703027904033661,94,0.7321428656578064,0.765625,0.1328061819076538,0.35177239775657654,0.14593790099024773,0.009688090533018112,0.5975806713104248,-0.04792885109782219,0.4821428656578064,0.7321428656578064,1.0,0.2678571428571429,0.7321428571428572,0.765625,0.3491833209991455,0.13068938255310059,Exp-1 (7.1 baseline-sep only)
0.009356576949357986,0.07631484419107437,0.12260493636131287,0.125,0.125,0.0484137162566185,-0.0015432281652465463,0.75,0.2415669510440836,8.0,0.3228951692581177,0.4100574553012848,95,0.6964285969734192,0.734375,0.10732895880937576,0.2310395985841751,-0.12576014548540115,0.009356576949357986,0.41629868745803833,-0.026015760377049446,0.4464285671710968,0.6964285969734192,1.0,0.3035714285714286,0.6964285714285714,0.734375,0.3228951692581177,0.10529295355081558,Exp-1 (7.1 baseline-sep only)
0.013586284592747688,0.07295012474060059,0.18624073266983032,0.125,0.125,0.06550373882055283,-0.0026499375235289335,0.625,0.3711537444790451,8.0,0.36793598532676697,0.40304407477378845,96,0.6428571343421936,0.6875,0.10187232494354248,0.3973522484302521,-0.054944515228271484,0.013586284592747688,0.8825464844703674,-0.01713215559720993,0.2678571343421936,0.6428571343421936,1.0,0.35714285714285715,0.6428571428571428,0.6875,0.36793598532676697,0.09820771217346191,Exp-1 (7.1 baseline-sep only)
0.011601527221500874,0.09431791305541992,0.1230044960975647,0.109375,0.109375,0.07168837636709213,-0.015108403749763966,1.0,0.0999791731748236,7.0,0.4091072976589203,0.43825870752334595,97,0.6315789222717285,0.671875,0.122355155646801,0.18999963998794556,-0.2303829900920391,0.011601527221500874,0.5412514209747314,-0.05228671059012413,0.6315789222717285,0.6315789222717285,1.0,0.3265306122448979,0.673469387755102,0.7142857142857143,0.4091072976589203,0.11898934841156006,Exp-1 (7.1 baseline-sep only)
0.009756647050380707,0.08697487413883209,0.1121777594089508,0.125,0.125,0.07187966257333755,-0.0028268068563193083,0.75,0.28064702938395913,8.0,0.29965028166770935,0.4650315046310425,98,0.6964285969734192,0.734375,0.13098610937595367,0.5118064284324646,-0.14124689064919949,0.009756647050380707,0.497855544090271,-0.026896003633737564,0.4464285671710968,0.6964285969734192,1.0,0.3035714285714286,0.6964285714285714,0.734375,0.29965028166770935,0.1293243020772934,Exp-1 (7.1 baseline-sep only)
0.00974101573228836,0.07301007211208344,0.1334201544523239,0.125,0.125,0.046776384115219116,-0.004894803743809462,0.75,0.26486423168198797,8.0,0.33891189098358154,0.3785094618797302,99,,,,,,0.00974101573228836,0.5681389570236206,-0.025182198733091354,0.4285714328289032,0.6785714030265808,1.0,0.3214285714285714,0.6785714285714286,0.71875,0.33891189098358154,0.09224850684404373,Exp-1 (7.1 baseline-sep only)
0.009778953157365322,0.06969401240348816,0.14031267166137695,0.125,0.125,0.06305532157421112,-0.003670067060738802,1.0,0.1417366773784602,8.0,0.3940066695213318,0.37876802682876587,100,,,,,,0.009778953157365322,0.6513084769248962,-0.03598203510046005,0.625,0.625,1.0,0.375,0.625,0.671875,0.3940066695213318,0.09111855179071426,Exp-1 (7.1 baseline-sep only)
