_step,critic/rewards_onpolicy/mean,actor/entropy_loss,diag/teacher_token_ratio,diag/exp_token_ratio,diag/reward_onpolicy_mean,diag/reward_teacher_mean,diag/entropy_onpolicy_token_mean,diag/entropy_teacher_token_mean,diag/group_teacher_minus_on_reward_mean,diag/adv_onpolicy_token_mean,diag/adv_teacher_token_mean,diag/onpolicy_adv_pos_ratio,diag/teacher_adv_pos_ratio,actor/off_pg_loss,actor/on_pg_loss
1,0.375,0.12640227377414703,0.00694157974794507,0.00694157974794507,0.375,1,0.12534932792186737,0.27703943848609924,0.625,-0.07194872200489044,1.4309035539627075,0.375,1.0,-0.28123483061790466,0.04802870936691761
2,0.125,0.16753807663917542,0.012434049509465694,0.012434049509465694,0.125,1,0.16558586061000824,0.32259097695350647,0.875,-0.06431929767131805,2.175199508666992,0.125,1.0,-0.28123481571674347,0.27682104147970676
3,0.1607142835855484,0.13497552275657654,0.012276929803192616,0.012276929803192616,0.1607142835855484,1,0.13205817341804504,0.36968857049942017,0.8392857142857144,-0.054600395262241364,1.8733538389205933,0.1607142835855484,1.0,-0.18411152809858322,0.28390892036259174
4,0.25,0.11625196039676666,0.008767385967075825,0.008767385967075825,0.25,1,0.11477368324995041,0.28338417410850525,0.75,-0.046179383993148804,1.5396196842193604,0.25,1.0,0.0,0.12310821190476418
5,0.3392857015132904,0.15455670654773712,0.011301667429506779,0.011301667429506779,0.3392857015132904,1,0.15250256657600403,0.33425575494766235,0.6607142857142858,-0.07148610800504684,1.3957017660140991,0.3392857015132904,1.0,-0.09205576777458191,0.19405417889356613
6,0.42105263471603394,0.09888023138046265,0.004434047732502222,0.004434047732502222,0.42105263471603394,1,0.09821498394012451,0.24824416637420654,0.5102040816326531,-0.024679210036993027,1.2527694702148438,0.05263157933950424,0.5714285969734192,-0.06861434131860733,0.17908409982919693
7,0.2857142984867096,0.09258288890123367,0.00497840903699398,0.00497840903699398,0.2857142984867096,1,0.09182697534561157,0.24366454780101776,0.7142857142857143,-0.0365554578602314,1.6732831001281738,0.1607142835855484,0.875,-0.21381855383515358,0.2541635986417532
8,0.1607142835855484,0.10029681771993637,0.006719373166561127,0.006719373166561127,0.1607142835855484,1,0.09940152615308762,0.23263907432556152,0.8392857142857143,-0.036428894847631454,1.7798672914505005,0.1607142835855484,1.0,-0.2778461202979088,0.04544961079955101
9,0.4464285671710968,0.12141039222478867,0.010313022881746292,0.010313022881746292,0.4464285671710968,1,0.1198776364326477,0.2685016691684723,0.5535714285714286,-0.053056344389915466,1.14768385887146,0.3214285671710968,0.875,0.0,-0.021146036684513092
10,0.5178571343421936,0.09579380601644516,0.006934222299605608,0.006934222299605608,0.5178571343421936,1,0.09422878921031952,0.319922536611557,0.4821428571428572,-0.027048859745264053,1.1569030284881592,0.3928571343421936,0.875,-0.16067010909318924,-0.048848943784832954
11,0.25,0.11776477843523026,0.011280370876193047,0.011280370876193047,0.25,1,0.11511115729808807,0.35035306215286255,0.75,-0.04698077216744423,1.4771591424942017,0.25,1.0,-0.19376586005091667,0.21545036509633064
12,0.2857142984867096,0.10618599504232407,0.009149115532636642,0.009149115532636642,0.2857142984867096,1,0.10439885407686234,0.29973435401916504,0.7142857142857142,-0.04215534031391144,1.887747049331665,0.2857142984867096,1.0,-0.03068525530397892,0.13519463129341602
13,0.5178571343421936,0.0872083231806755,0.008568455465137959,0.008568455465137959,0.5178571343421936,1,0.08551336079835892,0.28332754969596863,0.4821428571428571,-0.032942645251750946,1.0500727891921997,0.3928571343421936,0.875,-0.09205576777458191,0.14462948217988014
14,0.4285714328289032,0.0932544693350792,0.007024019490927458,0.007024019490927458,0.4285714328289032,1,0.0920829102396965,0.2588750422000885,0.5714285714285715,-0.02941146306693554,1.2114015817642212,0.1785714328289032,0.75,0.0,0.2696550227701664
15,0.2678571343421936,0.09748835116624832,0.007297692820429802,0.007297692820429802,0.2678571343421936,1,0.09635838866233826,0.2511962056159973,0.7321428571428571,-0.03595433011651039,1.7518497705459595,0.1428571492433548,0.875,-0.322403434664011,0.2105299662798643
16,0.6071428656578064,0.0972457006573677,0.007614403963088989,0.007614403963088989,0.6071428656578064,1,0.09581540524959564,0.28365659713745117,0.3928571428571429,-0.022101562470197678,0.7688458561897278,0.2321428507566452,0.625,0.0,0.04777286946773529
17,0.375,0.11527827382087708,0.011685618199408054,0.011685618199408054,0.375,1,0.1125217005610466,0.34841567277908325,0.625,-0.04688523709774017,1.7828869819641113,0.25,0.875,-0.322403434664011,0.09538996033370495
18,0.3684210479259491,0.08435028046369553,0.005544094368815422,0.005544094368815422,0.3684210479259491,1,0.08311136811971664,0.3065756857395172,0.6122448979591837,-0.032853275537490845,1.486958384513855,0.3684210479259491,1.0,0.0,0.1110064648091793
19,0.4642857015132904,0.1459304541349411,0.01054197084158659,0.01054197084158659,0.4642857015132904,1,0.14492131769657135,0.24064978957176208,0.5357142857142857,-0.062344953417778015,1.3859069347381592,0.3392857015132904,0.875,-0.23252395540475845,0.4208567123860121
20,0.5178571343421936,0.11629907041788101,0.006971233058720827,0.006971233058720827,0.5178571343421936,1,0.11537253111600876,0.2482813149690628,0.4821428571428571,-0.049332618713378906,1.044924259185791,0.3928571343421936,0.875,-0.214796781539917,0.08177679777145386
21,0.5178571343421936,0.12139657139778137,0.008084416389465332,0.008084416389465332,0.5178571343421936,1,0.11969401687383652,0.33029046654701233,0.48214285714285715,-0.05062948167324066,0.9564524292945862,0.5178571343421936,1.0,-0.06125680357217789,0.16894841380417347
22,0.42105263471603394,0.12393467128276825,0.008719824254512787,0.008719824254512787,0.42105263471603394,1,0.1221156120300293,0.3307269513607025,0.5918367346938777,-0.03876996412873268,1.3625192642211914,0.17543859779834747,0.7142857313156128,-0.23267319798469543,0.06929981149733067
23,0.4107142984867096,0.10544481128454208,0.00638899439945817,0.00638899439945817,0.4107142984867096,1,0.10451117157936096,0.2506411671638489,0.5892857142857142,-0.040193695574998856,1.0986802577972412,0.2857142984867096,0.875,-0.06861434131860733,0.06025553680956364
24,0.5,0.14272034168243408,0.010179215110838413,0.010179215110838413,0.5,1,0.14081083238124847,0.3283998668193817,0.5,-0.04484331235289574,0.8695797920227051,0.375,0.875,0.0,0.19048501923680305
25,0.3333333432674408,0.12640759348869324,0.006867547519505024,0.006867547519505024,0.3333333432674408,1,0.1253960281610489,0.272691547870636,0.6122448979591837,-0.044328756630420685,0.964309573173523,0.3333333432674408,1.0,-0.05314844101667404,-0.05489982292056084
26,0.4385964870452881,0.1335408091545105,0.008310484699904919,0.008310484699904919,0.4385964870452881,1,0.13228829205036163,0.2830007076263428,0.4897959183673469,-0.040808193385601044,1.4390028715133667,0.31578946113586426,0.8571428656578064,-0.17130267061293125,0.1922619342803955
27,0.5178571343421936,0.13662000000476837,0.010207331739366055,0.010207331739366055,0.5178571343421936,1,0.13424991071224213,0.3664437234401703,0.48214285714285715,-0.04026642069220543,1.328389048576355,0.2678571343421936,0.75,-0.2504003718495369,0.033753784373402596
28,0.6785714030265808,0.09680739045143127,0.006053631659597158,0.006053631659597158,0.6785714030265808,1,0.09567081928253174,0.28342148661613464,0.3214285714285714,-0.03065825253725052,0.6477899551391602,0.4285714328289032,0.75,0.0,-0.10622081533074379
29,0.7857142686843872,0.15141698718070984,0.010472036898136139,0.010472036898136139,0.7857142686843872,1,0.15037432312965393,0.24994267523288727,0.2142857142857143,-0.03763924166560173,0.5615047216415405,0.2857142984867096,0.5,-0.04116860032081604,-0.06738248653709888
30,0.6785714030265808,0.11890623718500137,0.008058546110987663,0.008058546110987663,0.6785714030265808,1,0.11736217141151428,0.308969110250473,0.3214285714285714,-0.04327676072716713,0.5618772506713867,0.4285714328289032,0.75,-0.08383369073271751,-0.03731725364923477
31,0.38596490025520325,0.13019375503063202,0.006187595892697573,0.006187595892697573,0.38596490025520325,1,0.12881284952163696,0.3519858717918396,0.5918367346938777,-0.03136379271745682,1.2511478662490845,0.2631579041481018,0.8571428656578064,-0.07185385376214981,0.31162717938423157
32,0.4464285671710968,0.11774305254220963,0.007716127205640078,0.007716127205640078,0.4464285671710968,1,0.11590056121349335,0.354684054851532,0.5535714285714286,-0.04015856236219406,1.250170350074768,0.1964285671710968,0.75,-0.16067010164260864,0.009473929181694984
33,0.5714285969734192,0.15033957362174988,0.01044630166143179,0.01044630166143179,0.5714285969734192,1,0.14828389883041382,0.34506693482398987,0.42857142857142855,-0.05131658911705017,1.0132066011428833,0.4464285671710968,0.875,-0.020088203251361847,0.25816238671541214
34,0.5535714030265808,0.13082212209701538,0.0061272382736206055,0.0061272382736206055,0.5535714030265808,1,0.12969738245010376,0.31326213479042053,0.4464285714285714,-0.046556249260902405,0.8307036757469177,0.4285714328289032,0.875,-0.20409998297691345,0.18719273060560226
35,0.6607142686843872,0.14102324843406677,0.011969519779086113,0.011969519779086113,0.6607142686843872,1,0.1383053958415985,0.3653699457645416,0.3392857142857143,-0.02648930810391903,0.8404453992843628,0.1607142835855484,0.5,-0.09205576032400131,0.17125631496310234
36,0.6140350699424744,0.1999719738960266,0.0073653701692819595,0.0073653701692819595,0.6140350699424744,1,0.19879166781902313,0.3590409755706787,0.3469387755102041,-0.055551014840602875,0.6293736696243286,0.24561403691768646,0.5714285969734192,-0.10978294163942337,0.22450998052954674
37,0.75,0.1656440794467926,0.012173456139862537,0.012173456139862537,0.75,1,0.1636059284210205,0.3310315012931824,0.25,-0.04687551036477089,0.48678213357925415,0.375,0.625,-0.15007305517792702,-0.1597246341407299
38,0.5438596606254578,0.13773249089717865,0.004958247300237417,0.004958247300237417,0.5438596606254578,1,0.1367110311985016,0.34272024035453796,0.38775510204081637,-0.04118989780545235,0.7297847867012024,0.5438596606254578,1.0,-0.06125679984688759,-0.20918838120996952
39,0.45614033937454224,0.12993578612804413,0.008759829215705395,0.008759829215705395,0.45614033937454224,1,0.12820476293563843,0.3258149027824402,0.46938775510204084,-0.03973531723022461,0.871703565120697,0.45614033937454224,1.0,-0.09431703761219978,0.23876388743519783
40,0.6607142686843872,0.16073104739189148,0.008173884823918343,0.008173884823918343,0.6607142686843872,1,0.15937992930412292,0.3246801197528839,0.3392857142857143,-0.052979160100221634,0.6520403623580933,0.4107142984867096,0.75,-0.03068525716662407,0.16604670882225037
41,0.5535714030265808,0.14220963418483734,0.011729695834219456,0.011729695834219456,0.5535714030265808,1,0.13904394209384918,0.4089319109916687,0.4464285714285714,-0.04322607442736626,0.9745168685913086,0.3035714328289032,0.75,0.0,0.04197215661406517
42,0.4385964870452881,0.14070270955562592,0.006179049611091614,0.006179049611091614,0.4385964870452881,1,0.1392984241247177,0.36656060814857483,0.5306122448979592,-0.03480663150548935,1.2861809730529785,0.19298245012760162,0.7142857313156128,-0.14061741530895233,0.13145165517926216
43,0.4821428656578064,0.14938707649707794,0.006390350870788097,0.006390350870788097,0.4821428656578064,1,0.14817576110363007,0.33773255348205566,0.5178571428571428,-0.04815908148884773,1.074993371963501,0.3571428656578064,0.875,-0.13322435691952705,0.2653907276690006
44,0.4464285671710968,0.13217754662036896,0.009471015073359013,0.009471015073359013,0.4464285671710968,1,0.13014832139015198,0.3444031774997711,0.5535714285714285,-0.04671306908130646,1.0400928258895874,0.4464285671710968,1.0,-0.2623802162706852,0.20023013278841972
45,0.5535714030265808,0.14527831971645355,0.010896614752709866,0.010896614752709866,0.5535714030265808,1,0.14197732508182526,0.4449164569377899,0.44642857142857145,-0.04160723090171814,0.7656541466712952,0.5535714030265808,1.0,-0.040176400914788246,0.23654200322926044
46,0.4285714328289032,0.12546993792057037,0.008111722767353058,0.008111722767353058,0.4285714328289032,1,0.12396850436925888,0.3090634346008301,0.5714285714285714,-0.050319381058216095,1.1521483659744263,0.4285714328289032,1.0,0.0,-0.11635650880634785
47,0.5892857313156128,0.11281704157590866,0.007880041375756264,0.007880041375756264,0.5892857313156128,1,0.1112632006406784,0.3084498941898346,0.4107142857142857,-0.035840969532728195,0.8431300520896912,0.3392857015132904,0.75,-0.04116859659552574,0.339519239962101
48,0.5535714030265808,0.12794248759746552,0.008668218739330769,0.008668218739330769,0.5535714030265808,1,0.12598071992397308,0.3522964417934418,0.4464285714285714,-0.04630131646990776,0.9668134450912476,0.4285714328289032,0.875,-0.09431704506278038,0.08521520160138607
49,0.4912280738353729,0.11335094273090363,0.00706087052822113,0.00706087052822113,0.4912280738353729,1,0.11129315942525864,0.40272805094718933,0.42857142857142855,-0.03096167743206024,1.0261309146881104,0.4912280738353729,1.0,-0.03068525716662407,0.08820859156548977
50,0.75,0.20848290622234344,0.015321829356253147,0.015321829356253147,0.75,1,0.20514023303985596,0.42330437898635864,0.25,-0.09970465302467346,0.5886356830596924,0.625,0.875,-0.020088201388716698,0.19469490833580494
51,0.6607142686843872,0.15132446587085724,0.0107010118663311,0.0107010118663311,0.6607142686843872,1,0.14897564053535461,0.3684711456298828,0.3392857142857143,-0.06071348115801811,0.6599841117858887,0.5357142686843872,0.875,0.0,0.07068047672510147
52,0.6071428656578064,0.12469971179962158,0.00968754943460226,0.00968754943460226,0.6071428656578064,1,0.12234435975551605,0.36547568440437317,0.39285714285714285,-0.03986687213182449,0.8280201554298401,0.4821428656578064,0.875,-0.020088203251361847,0.22476015612483025
53,0.5714285969734192,0.12470164895057678,0.013606439344584942,0.013606439344584942,0.5714285969734192,1,0.12061861902475357,0.42069917917251587,0.4285714285714286,-0.044673871248960495,1.1397343873977661,0.3214285671710968,0.75,-0.21385405585169792,0.1609621699899435
54,0.4285714328289032,0.13057708740234375,0.007178286090493202,0.007178286090493202,0.4285714328289032,1,0.12911561131477356,0.33271318674087524,0.5714285714285714,-0.04517912492156029,1.1222617626190186,0.4285714328289032,1.0,-0.2445038091391325,0.09687196090817451
55,0.5535714030265808,0.1149752289056778,0.010755510069429874,0.010755510069429874,0.5535714030265808,1,0.11183259636163712,0.404019832611084,0.4464285714285714,-0.023541269823908806,1.4619629383087158,0.1785714328289032,0.625,-0.19376585260033607,0.0779478270560503
56,0.6607142686843872,0.11406737565994263,0.011460035108029842,0.011460035108029842,0.6607142686843872,1,0.11022493988275528,0.4455147087574005,0.3392857142857143,-0.04047256335616112,0.6643258929252625,0.5357142686843872,0.875,-0.07185385935008526,0.3768812231719494
57,0.7321428656578064,0.1394159346818924,0.009848825633525848,0.009848825633525848,0.7321428656578064,1,0.13708484172821045,0.3737732470035553,0.2678571428571429,-0.055259205400943756,0.4919898509979248,0.4821428656578064,0.75,-0.10392189584672451,0.06775771826505661
58,0.5614035129547119,0.1313677728176117,0.005839231889694929,0.005839231889694929,0.5614035129547119,1,0.1300041228532791,0.3635360300540924,0.36734693877551017,-0.04617118835449219,0.6462514996528625,0.5614035129547119,1.0,-0.113022455945611,-0.019750038161873817
59,0.4464285671710968,0.09348669648170471,0.006652001291513443,0.006652001291513443,0.4464285671710968,1,0.09188740700483322,0.3323097825050354,0.5535714285714286,-0.03422647342085838,0.952950119972229,0.3214285671710968,0.875,-0.05314844101667404,-0.0016461461782455444
60,0.5438596606254578,0.13289543986320496,0.009341159835457802,0.009341159835457802,0.5438596606254578,1,0.13004370033740997,0.43533143401145935,0.42857142857142855,-0.04384274780750275,0.9133733510971069,0.5438596606254578,1.0,-0.09205576032400131,0.005535215139389038
61,0.3392857015132904,0.1225854754447937,0.01506668422371149,0.01506668422371149,0.3392857015132904,1,0.1173601970076561,0.46416932344436646,0.6607142857142858,-0.034787602722644806,1.525894045829773,0.2142857164144516,0.875,-0.25276137702167034,0.22793303057551384
62,0.4821428656578064,0.13559281826019287,0.015683697536587715,0.015683697536587715,0.4821428656578064,1,0.13018298149108887,0.47511643171310425,0.5178571428571428,-0.041055306792259216,1.032971978187561,0.4821428656578064,1.0,-0.05314844101667404,0.04445955157279968
63,0.6428571343421936,0.10379742085933685,0.00846222136169672,0.00846222136169672,0.6428571343421936,1,0.10159240663051605,0.3621646463871002,0.35714285714285715,-0.039392534643411636,0.8658974766731262,0.6428571343421936,1.0,-0.14282921701669693,0.06884914450347424
64,0.6785714030265808,0.12310753017663956,0.014560194686055183,0.014560194686055183,0.6785714030265808,1,0.11898460239171982,0.4021493196487427,0.3214285714285714,-0.04064788296818733,0.6025258302688599,0.4285714328289032,0.75,-0.05314844101667404,0.14915930107235909
65,0.5892857313156128,0.11171738058328629,0.009501006454229355,0.009501006454229355,0.5892857313156128,1,0.10912056267261505,0.3824436068534851,0.4107142857142857,-0.04106760770082474,0.8029845356941223,0.5892857313156128,1.0,-0.03068525530397892,0.07873467355966568
66,0.5178571343421936,0.10287217050790787,0.008888565935194492,0.008888565935194492,0.5178571343421936,1,0.10036160051822662,0.3828115165233612,0.4821428571428572,-0.03330620750784874,0.8310157060623169,0.3928571343421936,0.875,-0.08383369632065296,0.05654595419764519
67,0.4464285671710968,0.12035022675991058,0.013468286953866482,0.013468286953866482,0.4464285671710968,1,0.11642158031463623,0.40811774134635925,0.5535714285714286,-0.03632236272096634,1.173407793045044,0.4464285671710968,1.0,-0.06861434131860733,-0.013037389144301414
68,0.5344827771186829,0.08187295496463776,0.0060117305256426334,0.0060117305256426334,0.5344827771186829,1,0.08022279292345047,0.3547123074531555,0.2619047619047619,-0.01522375550121069,0.47907301783561707,0.2931034564971924,0.6666666865348816,-0.08233719319105148,0.12788818404078484
69,0.5357142686843872,0.1210082396864891,0.013515868224203587,0.013515868224203587,0.5357142686843872,1,0.11663955450057983,0.4398660361766815,0.4642857142857143,-0.04077667370438576,1.2707557678222656,0.5357142686843872,1.0,0.0,0.1270622592419386
70,0.4642857015132904,0.08452506363391876,0.00693501764908433,0.00693501764908433,0.4642857015132904,1,0.08244279772043228,0.3826972246170044,0.5357142857142857,-0.028451792895793915,0.9058530330657959,0.3392857015132904,0.875,-0.04116860032081604,0.002758592367172241
71,0.6607142686843872,0.10407256335020065,0.009022176265716553,0.009022176265716553,0.6607142686843872,1,0.10155954957008362,0.38009652495384216,0.33928571428571425,-0.03530877083539963,0.5163054466247559,0.5357142686843872,0.875,-0.0992995984852314,-0.20130620896816254
72,0.6607142686843872,0.1135379821062088,0.010057173669338226,0.010057173669338226,0.6607142686843872,1,0.11166185885667801,0.2982053756713867,0.3392857142857143,-0.052185580134391785,0.8422330021858215,0.5357142686843872,0.875,-0.07185385748744011,0.08013065904378891
73,0.6428571343421936,0.14488431811332703,0.014533096924424171,0.014533096924424171,0.6428571343421936,1,0.14074014127254486,0.42589521408081055,0.35714285714285715,-0.044967591762542725,0.7171992063522339,0.3928571343421936,0.75,0.0,-0.08452006056904793
74,0.5535714030265808,0.09636447578668594,0.009330373257398605,0.009330373257398605,0.5535714030265808,1,0.09392564743757248,0.3553105294704437,0.4464285714285714,-0.03384296968579292,1.0796101093292236,0.4285714328289032,0.875,-0.07185385562479496,0.3463863655924797
75,0.6607142686843872,0.08728944510221481,0.008934414014220238,0.008934414014220238,0.6607142686843872,1,0.08474002033472061,0.37008804082870483,0.3392857142857143,-0.03837839886546135,0.5903252363204956,0.5357142686843872,0.875,-0.10978294909000397,-0.07986515946686268
76,0.4285714328289032,0.08762111514806747,0.006319838110357523,0.006319838110357523,0.4285714328289032,1,0.0860743299126625,0.3308255970478058,0.5714285714285714,-0.06352794915437698,1.2311921119689941,0.3035714328289032,0.875,-0.04116860032081604,0.08947949856519699
77,0.5714285969734192,0.0915665403008461,0.007373087573796511,0.007373087573796511,0.5714285969734192,1,0.08909895271062851,0.42377474904060364,0.4285714285714286,-0.04087729752063751,0.8890935182571411,0.3214285671710968,0.75,-0.04116860032081604,0.3658472038805485
78,0.6071428656578064,0.09392016381025314,0.009086892940104008,0.009086892940104008,0.6071428656578064,1,0.09140408784151077,0.36829447746276855,0.3928571428571429,-0.027616851031780243,0.590869128704071,0.3571428656578064,0.75,0.0,0.214054387062788
79,0.6785714030265808,0.12107998132705688,0.011843857355415821,0.011843857355415821,0.6785714030265808,1,0.11809150874614716,0.37041446566581726,0.32142857142857145,-0.047759994864463806,0.6329841613769531,0.5535714030265808,0.875,-0.05077345669269562,0.14767728559672832
80,0.31578946113586426,0.084346704185009,0.004245459567755461,0.004245459567755461,0.31578946113586426,1,0.08319202065467834,0.35517194867134094,0.6938775510204082,-0.0263074804097414,1.5883406400680542,0.31578946113586426,1.0,-0.08870254270732403,0.15782833844423294
81,0.5535714030265808,0.0891966000199318,0.009857322089374065,0.009857322089374065,0.5535714030265808,1,0.08667032420635223,0.342953622341156,0.4464285714285714,-0.03530792146921158,0.7825065851211548,0.5535714030265808,1.0,-0.17815073393285275,-0.026611488312482834
82,0.4464285671710968,0.11383960396051407,0.013243274763226509,0.013243274763226509,0.4464285671710968,1,0.10924118757247925,0.4564676284790039,0.5535714285714286,-0.039896074682474136,1.370155692100525,0.4464285671710968,1.0,-0.05314844101667404,0.18074559047818184
83,0.6607142686843872,0.08470641821622849,0.011382426135241985,0.011382426135241985,0.6607142686843872,1,0.08129668980836868,0.3808572590351105,0.3392857142857143,-0.033749572932720184,0.6926402449607849,0.5357142686843872,0.875,-0.04116860032081604,0.13598148711025715
84,0.6964285969734192,0.10826382786035538,0.012674490921199322,0.012674490921199322,0.6964285969734192,1,0.10544055700302124,0.3281916379928589,0.30357142857142855,-0.02561328001320362,0.62864089012146,0.4464285671710968,0.75,-0.08383369445800781,-0.01948455348610878
85,0.3928571343421936,0.08610248565673828,0.0061500100418925285,0.0061500100418925285,0.3928571343421936,1,0.08419446647167206,0.3944389522075653,0.6071428571428571,-0.03250381723046303,1.3105599880218506,0.3928571343421936,1.0,-0.12274102494120598,0.29309362545609474
86,0.4821428656578064,0.09619204699993134,0.009751377627253532,0.009751377627253532,0.4821428656578064,1,0.093195341527462,0.4005061686038971,0.5178571428571428,-0.04480738565325737,0.8764808773994446,0.3571428656578064,0.875,-0.05314843729138374,0.06394408084452152
87,0.5535714030265808,0.08832550048828125,0.008594171144068241,0.008594171144068241,0.5535714030265808,1,0.08585382252931595,0.3734522759914398,0.4464285714285714,-0.0332181379199028,0.7487030625343323,0.4285714328289032,0.875,0.0,0.04732786677777767
88,0.5178571343421936,0.07561470568180084,0.006838271860033274,0.006838271860033274,0.5178571343421936,1,0.07343479245901108,0.3922155499458313,0.48214285714285715,-0.021278399974107742,1.0356196165084839,0.2678571343421936,0.75,-0.19376587122678757,0.324853740632534
89,0.5357142686843872,0.08043646067380905,0.007330870255827904,0.007330870255827904,0.5357142686843872,1,0.07825427502393723,0.3759244382381439,0.4642857142857143,-0.04196256026625633,0.8785468935966492,0.4107142984867096,0.875,-0.18863408640027046,0.04720279760658741
90,0.5357142686843872,0.08877318352460861,0.007768283598124981,0.007768283598124981,0.5357142686843872,1,0.08655508607625961,0.37208792567253113,0.4642857142857143,-0.026987111195921898,0.7088184356689453,0.1607142835855484,0.625,-0.09205576777458191,0.20323886908590794
91,0.4821428656578064,0.08911886066198349,0.006505471654236317,0.006505471654236317,0.4821428656578064,1,0.08695896714925766,0.4189698398113251,0.5178571428571428,-0.06435568630695343,1.1562871932983398,0.3571428656578064,0.875,-0.03068525530397892,-0.030440466478466988
92,0.3333333432674408,0.09291119128465652,0.009902349673211575,0.009902349673211575,0.3333333432674408,1,0.08960743993520737,0.42323997616767883,0.6326530612244898,-0.04471103847026825,1.1341627836227417,0.21052631735801697,0.8571428656578064,-0.09205576777458191,0.23906845413148403
93,0.4821428656578064,0.1325490027666092,0.012819181196391582,0.012819181196391582,0.4821428656578064,1,0.12844401597976685,0.4486660957336426,0.5178571428571429,-0.03779191896319389,1.6844727993011475,0.2321428507566452,0.75,-0.28123483061790466,0.19296275079250336
94,0.625,0.11118197441101074,0.009328764863312244,0.009328764863312244,0.625,1,0.10831833630800247,0.4152872860431671,0.375,-0.044491689652204514,0.827448844909668,0.375,0.75,-0.04116860032081604,0.10947971232235432
95,0.4821428656578064,0.08183452486991882,0.006642934400588274,0.006642934400588274,0.4821428656578064,1,0.0801030620932579,0.34074974060058594,0.5178571428571429,-0.07689432054758072,0.9319654703140259,0.4821428656578064,1.0,-0.12500229477882385,-0.056817129254341125
96,0.4821428656578064,0.08092004060745239,0.008602768182754517,0.008602768182754517,0.4821428656578064,1,0.0783555880188942,0.37645208835601807,0.5178571428571428,-0.025495082139968872,1.2604604959487915,0.2321428507566452,0.75,-0.2761673033237457,0.23888896591961384
97,0.5614035129547119,0.09060504287481308,0.009861710481345654,0.009861710481345654,0.5614035129547119,1,0.08822520077228546,0.3295466899871826,0.44897959183673464,-0.0579211562871933,0.7674188017845154,0.5614035129547119,1.0,-0.0992995910346508,0.2493445724248886
98,0.3928571343421936,0.09086072444915771,0.005760869476944208,0.005760869476944208,0.3928571343421936,1,0.08920285105705261,0.37698549032211304,0.6071428571428572,-0.08451815694570541,1.094591498374939,0.1428571492433548,0.75,-0.19376585632562637,0.2818665038794279
